tau_us,contrast_0pop
0.19999186197916669,0.9876372508943972
0.205078125,0.9688545323699117
0.21016438802083334,1.0911967771855813
0.21525065104166669,0.9442323974956983
0.2203369140625,0.9466095438420612
0.22542317708333334,0.942350560353873
0.23050944010416669,0.996763738851149
0.235595703125,1.0437736254861445
0.24068196614583334,0.9412343146992879
0.24576822916666669,1.0258043039274667
0.2508544921875,0.9754978823679638
0.25594075520833337,0.934340712366075
0.2610270182291667,0.9568417213714571
0.26611328125,0.9862075658042462
0.27119954427083337,1.0646582961216082
0.2762858072916667,0.9086603818054655
0.2813720703125,0.9640734453759301
0.28645833333333337,0.9767572418824548
0.2915445963541667,0.9444527761880908
0.296630859375,1.0255598791933789
0.30171712239583337,0.9838748284966741
0.3068033854166667,0.9308018344833375
0.3118896484375,0.9785533733137979
0.31697591145833337,0.9765427761796603
0.3220621744791667,1.0188465896368157
0.3271484375,0.9020848188875166
0.33223470052083337,0.918197975556263
0.3373209635416667,0.9773849931996844
0.3424072265625,1.0279959491815114
0.34749348958333337,0.9818300028324125
0.3525797526041667,0.9527736422922504
0.357666015625,0.9869311659587581
0.36275227864583337,0.8833828947677467
0.3678385416666667,0.9184465923940421
0.3729248046875,0.9611682017316638
0.37801106770833337,0.9768125181735324
0.3830973307291667,0.8894726293166748
0.38818359375,0.883804387578488
0.39326985677083337,0.948924140792845
0.3983561197916667,1.0046160623542795
0.4034423828125,0.9995013178358436
0.40852864583333337,0.9642547779495971
0.4136149088541667,1.0070068067788418
0.418701171875,0.9268321399735311
0.42378743489583337,0.8939273068985616
0.4288736979166667,0.931274686528067
0.4339599609375,0.9641105019305749
0.43904622395833337,0.9582161618313415
0.4441324869791667,0.9900593821348088
0.44921875,0.9346433211362439
0.45430501302083337,0.9687089703560712
0.4593912760416667,0.9349322170299847
0.4644775390625,0.9789726586245542
0.46956380208333337,0.9957265765757244
0.4746500651041667,0.9617204834449518
0.479736328125,0.9266578655768283
0.48482259114583337,0.9648335471413401
0.4899088541666667,0.9079120612998264
0.4949951171875,0.8414513337288443
0.5000813802083334,0.9027491120674407
0.5051676432291667,0.9278109971777386
0.51025390625,0.9403142799052832
0.5153401692708334,0.8236291752386339
0.5204264322916667,0.8362379872454316
0.5255126953125,0.862447072030914
0.5305989583333334,0.822685567445152
0.5356852213541667,0.7383452082502961
0.540771484375,0.7679123345058487
0.5458577473958334,0.6803177371274296
0.5509440104166667,0.6762587219422702
0.5560302734375,0.6405976338714967
0.5611165364583334,0.5340194919524666
0.5662027994791667,0.3873563479422626
0.5712890625,0.4288112454871385
0.5763753255208334,0.46345666960005194
0.5814615885416667,0.43419956207191024
0.5865478515625,0.47655293179555813
0.5916341145833334,0.5325169838902336
0.5967203776041667,0.516216387285805
0.601806640625,0.4915551013097777
0.6068929036458334,0.5372853718166819
0.6119791666666667,0.5017052215765732
0.6170654296875,0.5101243437730542
0.6221516927083334,0.4988482176957688
0.6272379557291667,0.45694860833031703
0.63232421875,0.5065611108588502
0.6374104817708334,0.520536039141493
0.6424967447916667,0.5760114882287564
0.6475830078125,0.5460882385810193
0.6526692708333334,0.5642630385542033
0.6577555338541667,0.6084327897075411
0.662841796875,0.6802279393727454
0.6679280598958334,0.8525572447342268
0.6730143229166667,0.803185718202499
0.6781005859375,0.881574147110156
0.6831868489583334,0.8467809493404856
0.6882731119791667,0.806692506200283
0.693359375,0.8460566631520672
0.6984456380208334,0.7500660350726087
0.7035319010416667,0.8378526503834625
0.7086181640625,0.9878160449874052
0.7137044270833334,0.85786034865447
0.7187906901041667,0.8091725646846697
0.723876953125,0.9105354101139234
0.7289632161458334,0.7779277414450916
0.7340494791666667,0.9629016711341924
0.7391357421875,0.8359122583555465
0.7442220052083334,0.8539617658302301
0.7493082682291667,0.8628014219706648
0.75439453125,0.8778869995112639
0.7594807942708334,0.9307037177029397
0.7645670572916667,0.8958557355549236
0.7696533203125,0.8131750466600665
0.7747395833333334,0.9487833457297803
0.7798258463541667,0.8590032235539979
0.784912109375,0.847276774352248
0.7899983723958334,0.8699805236839279
0.7950846354166667,0.8761856807135733
0.8001708984375,0.8558309686731798
0.8052571614583334,0.9552856760262143
0.8103434244791667,0.8244016639544169
0.8154296875,0.9146283607975155
0.8205159505208334,0.8434408107170155
0.8256022135416667,0.8149852953104877
0.8306884765625,0.9325936388257936
0.8357747395833334,0.8983472714614851
0.8408610026041667,0.8816974608957167
0.845947265625,0.9834860836655368
0.8510335286458334,0.8624993228733435
0.8561197916666667,0.9823025476586567
0.8612060546875,0.8950045676776142
0.8662923177083334,0.8817945636053275
0.8713785807291667,0.9467608089715016
0.87646484375,0.8973267388451165
0.8815511067708334,0.9143005684247656
0.8866373697916667,0.9444698799258475
0.8917236328125,0.8963600040159286
0.8968098958333334,0.8339968566668003
0.9018961588541667,0.8994065884881394
0.906982421875,0.8944652364779149
0.9120686848958334,0.8763633321128229
0.9171549479166667,0.9100075812774773
0.9222412109375,0.8839167683632247
0.9273274739583334,0.9361448445700793
0.9324137369791667,0.8591579927637294
0.9375,0.9314200261192576
0.9425862630208334,0.8949907605710836
0.9476725260416667,0.8642085196928584
0.9527587890625,0.9051135622262924
0.9578450520833334,0.9573694815688094
0.9629313151041667,0.8903567028185022
0.968017578125,0.8842111890048341
0.9731038411458334,0.916812463425813
0.9781901041666667,0.9401896632662725
0.9832763671875,0.943744683562733
0.9883626302083334,0.8642869069982819
0.9934488932291667,0.880312208357989
0.99853515625,0.8652853128440738
1.0036214192708335,0.9639724719302099
1.0087076822916667,0.8742520409086993
1.0137939453125,1.063214977416612
1.0188802083333335,0.9288725694272936
1.0239664713541667,0.8280594096408731
1.029052734375,0.9228512594760436
1.0341389973958335,0.9838430419630791
1.0392252604166667,0.8781950572085317
1.0443115234375,0.9162437794224529
1.0493977864583335,1.004587727218904
1.0544840494791667,0.9286461157847732
1.0595703125,0.9768418585623362
1.0646565755208335,0.9270075202184662
1.0697428385416667,0.932219817084632
1.0748291015625,0.8758550125492937
1.0799153645833335,0.9080644124494099
1.0850016276041667,0.8943585212708746
1.090087890625,0.8730158384648753
1.0951741536458335,0.9409380380035848
1.1002604166666667,0.9653992662941369
1.1053466796875,0.9448125108048357
1.1104329427083335,0.8937213879737009
1.1155192057291667,0.9788412694961922
1.12060546875,0.8889941999522877
1.1256917317708335,0.9623494748404502
1.1307779947916667,0.8522213348928741
1.1358642578125,1.00675347687156
1.1409505208333335,0.9308608926759085
1.1460367838541667,0.9094454697230461
1.151123046875,0.9211636475461648
1.1562093098958335,0.8568619342631616
1.1612955729166667,0.8354341965044413
1.1663818359375,0.9281873745678696
1.1714680989583335,0.9210804008419464
1.1765543619791667,0.9792680281857342
1.181640625,0.9325550748415787
1.1867268880208335,0.9331504748598421
1.1918131510416667,0.9639462865890679
1.1968994140625,0.9146126072616904
1.2019856770833335,0.9120476748288582
1.2070719401041667,0.8860524893631117
1.212158203125,0.8904554653591886
1.2172444661458335,0.9234161715381379
1.2223307291666667,0.9280837672962843
1.2274169921875,0.865563608868207
1.2325032552083335,0.904603640950326
1.2375895182291667,0.9285392331552691
1.24267578125,0.9481096662780455
1.2477620442708335,0.9208958743830477
1.2528483072916667,0.9566972965577507
1.2579345703125,0.8440242873768935
1.2630208333333335,0.9142022828034382
1.2681070963541667,0.8890502683175212
1.273193359375,0.8830394248835846
1.2782796223958335,0.8554314040502877
1.2833658854166667,0.8134656895383768
1.2884521484375,0.8977833608861633
1.2935384114583335,0.8476982461038693
1.2986246744791667,0.8850877885732121
1.3037109375,0.8750174264583517
1.3087972005208335,0.9354147072749708
1.3138834635416667,0.9127727892787618
1.3189697265625,0.90906287445052
1.3240559895833335,0.9214509723415452
1.3291422526041667,0.8363034888132428
1.334228515625,0.9155178098818271
1.3393147786458335,1.0145006628672562
1.3444010416666667,0.9439737135279971
1.3494873046875,0.8414212689476597
1.3545735677083335,0.9468536306218898
1.3596598307291667,0.9095096920446573
1.36474609375,0.8432423390118367
1.3698323567708335,1.0217533314139073
1.3749186197916667,0.9106754541177736
1.3800048828125,0.8559875623130688
1.3850911458333335,0.9310171225646869
1.3901774088541667,0.9122226314861712
1.395263671875,0.9253841131532726
1.4003499348958335,0.9591214758848807
1.4054361979166667,0.9211875544761374
1.4105224609375,0.9419994199274254
1.4156087239583335,0.9052832227384927
1.4206949869791667,0.8719376501506466
1.42578125,0.8154470413672931
1.4308675130208335,0.9020547756284067
1.4359537760416667,0.9100659641940292
1.4410400390625,0.8890929442672486
1.4461263020833335,0.8300362259185399
1.4512125651041667,0.8943738702851345
1.456298828125,0.8510920182076647
1.4613850911458335,0.8613721344976559
1.4664713541666667,0.8632958089269698
1.4715576171875,0.8662670253413471
1.4766438802083335,0.9277275115768526
1.4817301432291667,0.874689220711014
1.48681640625,0.846701177526707
1.4919026692708335,0.8650947931526243
1.4969889322916667,0.8905049516404688
1.5020751953125,0.9192511586162899
1.5071614583333335,0.8965669118872461
1.5122477213541667,0.8664565201000674
1.517333984375,0.8435098465979074
1.5224202473958335,0.7775711772696161
1.5275065104166667,0.8891057728777937
1.5325927734375,0.9306047945407465
1.5376790364583335,0.999452049177668
1.5427652994791667,0.9168917145224735
1.5478515625,0.8908656820833311
1.5529378255208335,0.8528779288217401
1.5580240885416667,0.9192931658115957
1.5631103515625,0.8788798235118718
1.5681966145833335,0.927495103762767
1.5732828776041667,0.8659431628282181
1.578369140625,0.9241413268992003
1.5834554036458335,0.8916325113174884
1.5885416666666667,0.9700920023021641
1.5936279296875,0.8352802249164646
1.5987141927083335,0.8680410154320044
1.6038004557291667,0.913545610816261
1.60888671875,0.8666637881905033
1.6139729817708335,0.7938378374378503
1.6190592447916667,0.9107433144514967
1.6241455078125,0.8620064524346709
1.6292317708333335,0.8538021623973401
1.6343180338541667,0.7656806171262072
1.639404296875,0.8659109851562059
1.6444905598958335,0.9423226667187883
1.6495768229166667,0.8216360941098968
1.6546630859375,0.8059286155887866
1.6597493489583335,0.8799701007551715
1.6648356119791667,0.7983759805571928
1.669921875,0.900814333207725
1.6750081380208335,0.8600616107838299
1.6800944010416667,0.8317021636334915
1.6851806640625,0.803086675209725
1.6902669270833335,0.8587312635868085
1.6953531901041667,0.8845975079958129
1.700439453125,0.7366495398593315
1.7055257161458335,0.8804751513924123
1.7106119791666667,0.8191997071056962
1.7156982421875,0.7728892919811681
1.7207845052083335,0.8040895133044896
1.7258707682291667,0.7751499862553669
1.73095703125,0.8625235084682839
1.7360432942708335,0.7987466119914752
1.7411295572916667,0.7986593617026161
1.7462158203125,0.8043847945359972
1.7513020833333335,0.6634944074641591
1.7563883463541667,0.6058194652412026
1.761474609375,0.4629684291991054
1.7665608723958335,0.29795887662524867
1.7716471354166667,0.2485784201622152
1.7767333984375,0.2510162796988642
1.7818196614583335,0.37737458490318576
1.7869059244791667,0.46368611932814285
1.7919921875,0.5679731507299132
1.7970784505208335,0.5175217123365861
1.8021647135416667,0.4666945304980566
1.8072509765625,0.483623528932105
1.8123372395833335,0.31278228849343914
1.8174235026041667,0.4538957096786512
1.822509765625,0.5409362891447117
1.8275960286458335,0.48967965611386555
1.8326822916666667,0.4501129587463472
1.8377685546875,0.49915051074476663
1.8428548177083335,0.40792832237127474
1.8479410807291667,0.5194940016815851
1.85302734375,0.4436797078153348
1.8581136067708335,0.4673270360824177
1.8631998697916667,0.5136746722675317
1.8682861328125,0.467659284239177
1.8733723958333335,0.5029677056215062
1.8784586588541667,0.46444633519407647
1.883544921875,0.45633946400485537
1.8886311848958335,0.45626133923152123
1.8937174479166667,0.4454334709576125
1.8988037109375,0.46270177559140413
1.9038899739583335,0.5626307276043963
1.9089762369791667,0.5112920456237622
1.9140625,0.6107899057586585
1.9191487630208335,0.6013970408184574
1.9242350260416667,0.6122520823688784
1.9293212890625,0.527631408492891
1.9344075520833335,0.5272408235846202
1.9394938151041667,0.3911804671849408
1.944580078125,0.4454679006203245
1.9496663411458335,0.46907225611573367
1.9547526041666667,0.5055062905859973
1.9598388671875,0.6711977824639225
1.9649251302083335,0.7558146707238689
1.9700113932291667,0.7672179958327932
1.97509765625,0.782721119111303
1.9801839192708335,0.8444944317427541
1.9852701822916667,0.891808035700014
1.9903564453125,0.9300499986735538
1.9954427083333335,0.9212846796847608
2.000528971354167,0.9100988859463135
2.005615234375,0.8295100394857287
2.0107014973958335,0.9423335160944826
2.015787760416667,0.926320849209026
2.0208740234375,0.921951539682742
2.0259602864583335,0.9205245996176701
2.031046549479167,0.8025015372047691
2.0361328125,0.8645771074602442
2.0412190755208335,0.8251781565774223
2.046305338541667,0.9545317465451323
2.0513916015625,0.9915076773880465
2.0564778645833335,0.8830680229035139
2.061564127604167,0.9366947051773667
2.066650390625,0.9023975768992981
2.0717366536458335,0.8322336841056689
2.076822916666667,0.9374202025685074
2.0819091796875,0.8835387187218382
2.0869954427083335,0.8765082930066821
2.092081705729167,0.921879139744281
2.09716796875,0.9412778397682995
2.1022542317708335,0.9126296359666941
2.107340494791667,0.9321675243386636
2.1124267578125,0.8631616336088419
2.1175130208333335,0.903984712635959
2.122599283854167,0.9360359375341608
2.127685546875,0.8982946245670489
2.1327718098958335,0.9116918531533873
2.137858072916667,0.8582561926383087
2.1429443359375,0.8339066654859286
2.1480305989583335,0.8196797292698226
2.153116861979167,0.9458352647959647
2.158203125,0.8744549605909144
2.1632893880208335,0.8527125791240766
2.168375651041667,0.8953969858251543
2.1734619140625,0.8464472888456371
2.1785481770833335,0.8354948155799564
2.183634440104167,0.9218359947805952
2.188720703125,0.9588889284948604
2.1938069661458335,0.7844532792451173
2.198893229166667,0.9584185550985411
2.2039794921875,0.8101686910715504
2.2090657552083335,0.8692594794500456
2.214152018229167,0.8007484031930017
2.21923828125,0.9717625670091549
2.2243245442708335,0.9372351831521094
2.229410807291667,0.8702625938219066
2.2344970703125,0.8577466906371043
2.2395833333333335,0.8959467548759232
2.244669596354167,1.00621503062701
2.249755859375,0.8628637715524912
2.2548421223958335,0.8581268739462489
2.259928385416667,0.8773572900588118
2.2650146484375,0.8352266545483421
2.2701009114583335,0.8469668333800491
2.275187174479167,0.8227083762104088
2.2802734375,0.8719901509385994
2.2853597005208335,0.8951861300911417
2.290445963541667,0.9059273456523982
2.2955322265625,0.9229759036876395
2.3006184895833335,0.8859248398652393
2.305704752604167,0.8262848465598414
2.310791015625,0.8902258135598919
2.3158772786458335,0.8526801110586197
2.320963541666667,0.8669222452595617
2.3260498046875,0.8190062377600229
2.3311360677083335,0.9309078126326814
2.336222330729167,0.8586837593150645
2.34130859375,0.8628909958449957
2.3463948567708335,0.8569051903430833
2.351481119791667,0.969895085621407
2.3565673828125,0.909908267478047
2.3616536458333335,0.8762622674219035
2.366739908854167,0.8425864835687638
2.371826171875,0.9405870885335551
2.3769124348958335,0.8466112553717335
2.381998697916667,0.8508188199777239
2.3870849609375,0.898255662556335
2.3921712239583335,0.852829050866086
2.397257486979167,0.8396547027008487
2.40234375,0.9079126533051665
2.4074300130208335,0.9025782468569394
2.412516276041667,0.8478732908467623
2.4176025390625,0.9347104472701357
2.4226888020833335,0.8821096040554457
2.427775065104167,0.7836261879786368
2.432861328125,0.8445249682414303
2.4379475911458335,0.8151049777475119
2.443033854166667,0.8887205375999849
2.4481201171875,0.9055496515120769
2.4532063802083335,0.8812257444915601
2.458292643229167,0.8605395787428052
2.46337890625,0.8896535280569421
2.4684651692708335,0.8971472367461628
2.473551432291667,0.8765957852987694
2.4786376953125,0.8691873687770795
2.4837239583333335,0.8790074283130921
2.488810221354167,0.8687733728069817
2.493896484375,0.8974150497233384
2.4989827473958335,0.8956148820133161
2.504069010416667,0.8364057510078051
2.5091552734375,0.9098650367594308
2.5142415364583335,0.9012896030745735
2.519327799479167,0.8837477502801293
2.5244140625,0.9544126698729481
2.5295003255208335,0.8714024688060147
2.534586588541667,0.9707783061563267
2.5396728515625,0.8313035187243247
2.5447591145833335,0.8924036193595858
2.549845377604167,0.8789209333229802
2.554931640625,0.9767910573720826
2.5600179036458335,0.895437578392347
2.565104166666667,0.8024569981207494
2.5701904296875,0.9038021036683535
2.5752766927083335,0.9280793827907741
2.580362955729167,0.9153217636065436
2.58544921875,0.8824082354827048
2.5905354817708335,0.8174182189025737
2.595621744791667,0.9685861556284825
2.6007080078125,0.8794808492833273
2.6057942708333335,0.8488114430809542
2.610880533854167,0.8341076443442179
2.615966796875,0.9557753155234723
2.6210530598958335,0.8652158945761124
2.626139322916667,0.9232308332460488
2.6312255859375,0.8875662989517199
2.6363118489583335,0.912796197403133
2.641398111979167,0.8302520421783273
2.646484375,0.8873597050540398
2.6515706380208335,0.9103983838159131
2.656656901041667,0.9092123524311786
2.6617431640625,0.8588131481370073
2.6668294270833335,0.8935233478420876
2.671915690104167,0.9331881369544749
2.677001953125,0.8937664056866115
2.6820882161458335,0.8922843749922211
2.687174479166667,0.861012750913845
2.6922607421875,0.8282414524993924
2.6973470052083335,0.8289025835373163
2.702433268229167,0.8800137870870445
2.70751953125,0.9191129842550698
2.7126057942708335,0.8244750194448958
2.717692057291667,0.849562911483978
2.7227783203125,0.9109352821780701
2.7278645833333335,0.885707050925389
2.732950846354167,0.8329244301059349
2.738037109375,0.8342988740788468
2.7431233723958335,0.8910301640494671
2.748209635416667,0.9119897066578838
2.7532958984375,0.8652454599962219
2.7583821614583335,0.9385652179468666
2.763468424479167,0.9002498635117526
2.7685546875,0.788003223105427
2.7736409505208335,0.8385690626595339
2.778727213541667,0.8860276041025537
2.7838134765625,0.8044889323749951
2.7888997395833335,0.8516743297896072
2.793986002604167,0.9164911933075793
2.799072265625,0.8830596104339503
2.8041585286458335,0.8491010625529075
2.809244791666667,0.7885908395163677
2.8143310546875,0.8768836582400119
2.8194173177083335,0.8732302263600673
2.824503580729167,0.844857584610222
2.82958984375,0.9031459042427091
2.8346761067708335,0.8508574706777605
2.839762369791667,0.7745834714760882
2.8448486328125,0.7423278764714767
2.8499348958333335,0.8452470425348553
2.855021158854167,0.8716308610201489
2.860107421875,0.925050409076194
2.8651936848958335,0.9272813944958399
2.870279947916667,0.8089754712575373
2.8753662109375,0.8465617444351795
2.8804524739583335,0.9176355268313701
2.885538736979167,0.8000601768988744
2.890625,0.8383547896011966
2.8957112630208335,0.907842301974104
2.900797526041667,0.8520786926761554
2.9058837890625,0.8753276041891059
2.9109700520833335,0.9555704199069113
2.916056315104167,0.8578661868968622
2.921142578125,0.7901102455063758
2.9262288411458335,0.7699342826638615
2.931315104166667,0.7707284464426837
2.9364013671875,0.8449867615027689
2.9414876302083335,0.8694524337782866
2.946573893229167,0.8737639565493944
2.95166015625,0.7749014662967982
2.9567464192708335,0.7500003574214451
2.961832682291667,0.6018157230994932
2.9669189453125,0.4523950536239202
2.9720052083333335,0.3407944787789995
2.977091471354167,0.2654588968709295
2.982177734375,0.17759855390071844
2.9872639973958335,0.3217012971922727
2.992350260416667,0.45371030096999393
2.9974365234375,0.6301909908493298
3.0025227864583335,0.6835414590085536
3.007609049479167,0.7282980637056664
3.0126953125,0.8940929564218061
3.0177815755208335,0.8000927871053154
3.022867838541667,0.8366704453629072
3.0279541015625,0.6430145015809547
3.0330403645833335,0.5716044462400782
3.038126627604167,0.3780629176273795
3.043212890625,0.42998547756074884
3.0482991536458335,0.41658691416047544
3.053385416666667,0.3909709332528209
3.0584716796875,0.4434535346298109
3.0635579427083335,0.5445502446353419
3.068644205729167,0.514904048669925
3.07373046875,0.4847961048837107
3.0788167317708335,0.4972172207418386
3.083902994791667,0.501300195626879
3.0889892578125,0.45849391329950845
3.0940755208333335,0.4188149185960691
3.099161783854167,0.5064802791930476
3.104248046875,0.5427197979131846
3.1093343098958335,0.4682301359944746
3.114420572916667,0.47317590065261517
3.1195068359375,0.508843787045208
3.1245930989583335,0.4917160018975496
3.129679361979167,0.5100393097371516
3.134765625,0.4571900283517273
3.1398518880208335,0.48404586120214604
3.144938151041667,0.4390662652276445
3.1500244140625,0.4705729576432079
3.1551106770833335,0.5588506091371054
3.160196940104167,0.469389290766622
3.165283203125,0.588359014272615
3.1703694661458335,0.3957557813981351
3.175455729166667,0.4859440746710987
3.1805419921875,0.5196879219880972
3.1856282552083335,0.5252981569293582
3.190714518229167,0.6146039895834153
3.19580078125,0.6129587039603609
3.2008870442708335,0.662820853718155
3.205973307291667,0.6238145172723241
3.2110595703125,0.7567091744453294
3.2161458333333335,0.6264369233504726
3.221232096354167,0.7312699671344539
3.226318359375,0.7167774516589536
3.2314046223958335,0.7301990745495508
3.236490885416667,0.6690974064329394
3.2415771484375,0.6208464516628527
3.2466634114583335,0.587688667466545
3.251749674479167,0.5155597928528932
3.2568359375,0.5116612157023989
3.2619222005208335,0.4381611308793616
3.267008463541667,0.45608393160486554
3.2720947265625,0.601207444790628
3.2771809895833335,0.6568531507161665
3.282267252604167,0.732171686696655
3.287353515625,0.7424630542779566
3.2924397786458335,0.7531573748509243
3.297526041666667,0.7366580637091554
3.3026123046875,0.7842224444269743
3.3076985677083335,0.8279031069361178
3.312784830729167,0.8086598336089936
3.31787109375,0.8641210974324856
3.3229573567708335,0.8779250622169733
3.328043619791667,0.8080398068241614
3.3331298828125,0.8740650146028404
3.3382161458333335,0.8128852539000626
3.343302408854167,0.7878940538182669
3.348388671875,0.8114951442401385
3.3534749348958335,0.842279848512465
3.358561197916667,0.8128662918955252
3.3636474609375,0.8691697854385587
3.3687337239583335,0.7356071141489654
3.373819986979167,0.8183728136833175
3.37890625,0.8301575411850193
3.3839925130208335,0.9451646304835446
3.389078776041667,0.9211344222039036
3.3941650390625,0.7847463412666609
3.3992513020833335,0.7499518812654986
3.404337565104167,0.9013916865488885
3.409423828125,0.7515120685919797
3.4145100911458335,0.8688970683484604
3.419596354166667,0.72724407399793
3.4246826171875,0.8590997106812628
3.4297688802083335,0.8829800243952799
3.434855143229167,0.8528589358005743
3.43994140625,0.8589088333149901
3.4450276692708335,0.7600325840822286
3.450113932291667,0.8141791561314913
3.4552001953125,0.8132110559084669
3.4602864583333335,0.8402935285734561
3.465372721354167,0.8418781145574388
3.470458984375,0.7907342952833954
3.4755452473958335,0.8464002839813085
3.480631510416667,0.7871090053749578
3.4857177734375,0.8385232564370642
3.4908040364583335,0.7839768838286114
3.495890299479167,0.8054109118566334
3.5009765625,0.8347468037491648
3.5060628255208335,0.8614615826220902
3.511149088541667,0.7843207966895869
3.5162353515625,0.8834132006055062
3.5213216145833335,0.8566203716255003
3.526407877604167,0.7546308799861472
3.531494140625,0.8998840511942464
3.5365804036458335,0.7781089972628282
3.541666666666667,0.7993594594772621
3.5467529296875,0.9031974381547894
3.5518391927083335,0.787599226725665
3.556925455729167,0.8080376170467285
3.56201171875,0.8040034793547322
3.5670979817708335,0.8778300374227122
3.572184244791667,0.8143064482524818
3.5772705078125,0.8184432769309169
3.5823567708333335,0.8333393318103621
3.587443033854167,0.8997673691787891
3.592529296875,0.8260320838425628
3.5976155598958335,0.8350315122643002
3.602701822916667,0.8444418693547622
3.6077880859375,0.8804090871212624
3.6128743489583335,0.8362023433089121
3.617960611979167,0.8858687548830744
3.623046875,0.7839558179583663
3.6281331380208335,0.8648670652308974
3.633219401041667,0.8931602363807111
3.6383056640625,0.8265216146469743
3.6433919270833335,0.8976889353873341
3.648478190104167,0.8643694824094741
3.653564453125,0.849663181419496
3.6586507161458335,0.8030003093279409
3.663736979166667,0.8141849793541613
3.6688232421875,0.8920089143284238
3.6739095052083335,0.8352192069707993
3.678995768229167,0.8796374287389714
3.68408203125,0.7830386327565628
3.6891682942708335,0.797063659690894
3.694254557291667,0.7628625942799203
3.6993408203125,0.7191842175786791
3.7044270833333335,0.766583881072887
3.709513346354167,0.8074213312386136
3.714599609375,0.7930212166358191
3.7196858723958335,0.8300765449948495
3.724772135416667,0.8605357608824018
3.7298583984375,0.8641923512780794
3.7349446614583335,0.7696688128141758
3.740030924479167,0.8027925531644794
3.7451171875,0.8924753018974787
3.7502034505208335,0.9018922285412978
3.755289713541667,0.8690331453246403
3.7603759765625,0.8216172817795364
3.7654622395833335,0.8509597808497844
3.770548502604167,0.8087040991659921
3.775634765625,0.8593434817529904
3.7807210286458335,0.8366163814041789
3.785807291666667,0.8187001776866913
3.7908935546875,0.7614726144959568
3.7959798177083335,0.8006140614898005
3.801066080729167,0.8087880036246563
3.80615234375,0.8538043877878357
3.8112386067708335,0.8206190280230048
3.816324869791667,0.8378044750195471
3.8214111328125,0.7548770014977217
3.8264973958333335,0.9148367705184556
3.831583658854167,0.7747519850385729
3.836669921875,0.8866353445888304
3.8417561848958335,0.7997565432172449
3.846842447916667,0.7749349762292304
3.8519287109375,0.7602228777188658
3.8570149739583335,0.7561718628771923
3.862101236979167,0.7755981952335382
3.8671875,0.7510281968419652
3.8722737630208335,0.8500449055070565
3.877360026041667,0.8228834890404924
3.8824462890625,0.8362287475913535
3.8875325520833335,0.8531438382282345
3.892618815104167,0.8316111659660905
3.897705078125,0.7658993056552101
3.9027913411458335,0.7835034957658148
3.907877604166667,0.7235430608909483
3.9129638671875,0.777937591087076
3.9180501302083335,0.8533529529965083
3.923136393229167,0.8074488796828461
3.92822265625,0.7845170714648511
3.9333089192708335,0.9508255425761363
3.938395182291667,0.7274520291325007
3.9434814453125,0.8244895711051439
3.9485677083333335,0.9235866255762903
3.953653971354167,0.8670045715863837
3.958740234375,0.7673895111287516
3.9638264973958335,0.8054786915847014
3.968912760416667,0.8726401986626935
3.9739990234375,0.833010362591597
3.9790852864583335,0.8924804043348769
3.984171549479167,0.8049233140893022
3.9892578125,0.9020602270703262
3.9943440755208335,0.768169373015942
3.999430338541667,0.8766805344882882
4.0045166015625,0.835033337855807
4.009602864583334,0.7627085625008944
4.014689127604167,0.8088513155691321
4.019775390625,0.8692965896842884
4.024861653645834,0.8599499467416998
4.029947916666667,0.730918510622304
4.0350341796875,0.8985383198223211
4.040120442708334,0.7737753994352867
4.045206705729167,0.793845699169873
4.05029296875,0.8234974603854922
4.055379231770834,0.8721054621005457
4.060465494791667,0.8342167409451842
4.0655517578125,0.8604347785587858
4.070638020833334,0.8059365976475537
4.075724283854167,0.7657047528352899
4.080810546875,0.7889400604132522
4.085896809895834,0.8462659554349676
4.090983072916667,0.8205014284826989
4.0960693359375,0.8286043802846101
4.101155598958334,0.7939737643326117
4.106241861979167,0.8933476809288579
4.111328125,0.8337507783066911
4.116414388020834,0.8703918499959573
4.121500651041667,0.8061296769460393
4.1265869140625,0.7840999793880263
4.131673177083334,0.744444562469522
4.136759440104167,0.7486508519337831
4.141845703125,0.8399105699166687
4.146931966145834,0.8179534836576998
4.152018229166667,0.8253261986330918
4.1571044921875,0.7885316812703795
4.162190755208334,0.6014253382370196
4.167277018229167,0.5164428208663968
4.17236328125,0.4227346756575954
4.177449544270834,0.4019871292321195
4.182535807291667,0.42301871433591465
4.1876220703125,0.4682705365789003
4.192708333333334,0.5898311400487938
4.197794596354167,0.7048420533938601
4.202880859375,0.6475702668777138
4.207967122395834,0.6995399392126054
4.213053385416667,0.724559911965752
4.2181396484375,0.7913283868907841
4.223225911458334,0.7123616521800799
4.228312174479167,0.6768353637453741
4.2333984375,0.7764916654639248
4.238484700520834,0.7925143079586499
4.243570963541667,0.7676137162726908
4.2486572265625,0.6600482157757976
4.253743489583334,0.620949760062403
4.258829752604167,0.5828840862493204
4.263916015625,0.5100250934160416
4.269002278645834,0.37701688290502305
4.274088541666667,0.433672663461754
4.2791748046875,0.4737967127560402
4.284261067708334,0.45854094454608113
4.289347330729167,0.5292775293449183
4.29443359375,0.4860968152000134
4.299519856770834,0.49468393029505076
4.304606119791667,0.6089466255224096
4.3096923828125,0.4253820077395375
4.314778645833334,0.4447199634736181
4.319864908854167,0.3697968149275649
4.324951171875,0.4691508333079189
4.330037434895834,0.4489275970706166
4.335123697916667,0.42775462626305083
4.3402099609375,0.5166642552403855
4.345296223958334,0.4768977440690295
4.350382486979167,0.47659857512296133
4.35546875,0.47967645238124934
4.360555013020834,0.48025193331663146
4.365641276041667,0.4404378313146995
4.3707275390625,0.5261885614181353
4.375813802083334,0.4690632276317637
4.380900065104167,0.48887499312654453
4.385986328125,0.4324487724361027
4.391072591145834,0.5123972936935759
4.396158854166667,0.4752401916385633
4.4012451171875,0.3996948753885959
4.406331380208334,0.47614693137858227
4.411417643229167,0.4409918714050585
4.41650390625,0.40769402311375325
4.421590169270834,0.5450291548430952
4.426676432291667,0.4860912908947783
4.4317626953125,0.5276386543174426
4.436848958333334,0.5112871764066337
4.441935221354167,0.5109622115801459
4.447021484375,0.492153533521776
4.452107747395834,0.5605386211656819
4.457194010416667,0.5276609234008349
4.4622802734375,0.6364030225017271
4.467366536458334,0.7090421533476374
4.472452799479167,0.6860524465834883
4.4775390625,0.8370951643223231
4.482625325520834,0.7171265485988843
4.487711588541667,0.7425255047744458
4.4927978515625,0.7854160438396255
4.497884114583334,0.7324949036827201
4.502970377604167,0.676036121348316
4.508056640625,0.7134564412208138
4.513142903645834,0.7921358703616584
4.518229166666667,0.6929156908372271
4.5233154296875,0.711522590398174
4.528401692708334,0.7694342253873401
4.533487955729167,0.700302223078685
4.53857421875,0.8313701877126964
4.543660481770834,0.7169751431168012
4.548746744791667,0.715182506396457
4.5538330078125,0.6125508767037455
4.558919270833334,0.6528579573993449
4.564005533854167,0.4316495090980083
4.569091796875,0.5665322774427248
4.574178059895834,0.5290506425299106
4.579264322916667,0.4318349632912624
4.5843505859375,0.6370100156242675
4.589436848958334,0.6501428251051912
4.594523111979167,0.7249608209967119
4.599609375,0.8019650753347966
4.604695638020834,0.8504121861206733
4.609781901041667,0.7789778850860355
4.6148681640625,0.8161837556246787
4.619954427083334,0.8623328706241511
4.625040690104167,0.7930621566046869
4.630126953125,0.7968073807622726
4.635213216145834,0.792159313798475
4.640299479166667,0.7584246428804091
4.6453857421875,0.8738883939615885
4.650472005208334,0.7806725042118396
4.655558268229167,0.845863652418606
4.66064453125,0.8421370892086024
4.665730794270834,0.8927609952468931
4.670817057291667,0.8614355320517448
4.6759033203125,0.7551501383957142
4.680989583333334,0.8482298293305478
4.686075846354167,0.8420206001991701
4.691162109375,0.8062647381600663
4.696248372395834,0.822228924275041
4.701334635416667,0.7957536709770606
4.7064208984375,0.8920036785093483
4.711507161458334,0.8685186225684589
4.716593424479167,0.9364980005896066
4.7216796875,0.8569906905344902
4.726765950520834,0.8647357313207749
4.731852213541667,0.8601713212289703
4.7369384765625,0.8548693859640357
4.742024739583334,0.7704836755836469
4.747111002604167,0.8579521317600065
4.752197265625,0.8198838529807388
4.757283528645834,0.7546571434742086
4.762369791666667,0.8557378110336376
4.7674560546875,0.8237024600740483
4.772542317708334,0.8218933058173106
4.777628580729167,0.8223351998372976
4.78271484375,0.8365969781979007
4.787801106770834,0.8403985503453911
4.792887369791667,0.8002910956918243
4.7979736328125,0.7917230913160029
4.803059895833334,0.8562352708354786
4.808146158854167,0.8024664548453666
4.813232421875,0.7226076598960189
4.818318684895834,0.7325672691656333
4.823404947916667,0.7403644708424573
4.8284912109375,0.8403588213447897
4.833577473958334,0.8072797031722704
4.838663736979167,0.8040604164367269
4.84375,0.8595838706319354
4.848836263020834,0.8228525247300263
4.853922526041667,0.8766537932759654
4.8590087890625,0.8106503535970011
4.864095052083334,0.6755972659324794
4.869181315104167,0.7828455945098125
4.874267578125,0.8930272729221588
4.879353841145834,0.8435087273230948
4.884440104166667,0.8104670486316542
4.8895263671875,0.8705368518433517
4.894612630208334,0.8344880406124503
4.899698893229167,0.8194990481288875
4.90478515625,0.7907646388272178
4.909871419270834,0.8371165460204104
4.914957682291667,0.8808423203260272
4.9200439453125,0.7655119698657902
4.925130208333334,0.8415759013721587
4.930216471354167,0.7926238549439223
4.935302734375,0.8173414706200887
4.940388997395834,0.8013618619544078
4.945475260416667,0.8229269569501296
4.9505615234375,0.7478920899921012
4.955647786458334,0.828782423006841
4.960734049479167,0.8699468550548488
4.9658203125,0.7950441461024367
4.970906575520834,0.8978559241620796
4.975992838541667,0.7455343879502748
4.9810791015625,0.7591024140243225
4.986165364583334,0.8270839142833298
4.991251627604167,0.8076101668886837
4.996337890625,0.8306148050117594
5.001424153645834,0.7516529074930391
5.006510416666667,0.9053306666039982
5.0115966796875,0.7731798050430594
5.016682942708334,0.8430622597489383
5.021769205729167,0.7016923940331068
5.02685546875,0.806303817599507
5.031941731770834,0.7797131458836384
5.037027994791667,0.7995225038241172
5.0421142578125,0.7694544128279714
5.047200520833334,0.8242273971205666
5.052286783854167,0.7835937650797278
5.057373046875,0.813802599275671
5.062459309895834,0.7715475580905544
5.067545572916667,0.76262871380041
5.0726318359375,0.8244394995616301
5.077718098958334,0.8241991450273882
5.082804361979167,0.7541128237037215
5.087890625,0.8222007056920855
5.092976888020834,0.6865436175259959
5.098063151041667,0.9094297678610703
5.1031494140625,0.8838778256071212
5.108235677083334,0.7561189751785549
5.113321940104167,0.8097605091754919
5.118408203125,0.8142376251802674
5.123494466145834,0.7959933988664134
5.128580729166667,0.7789709685991217
5.1336669921875,0.8261223170119805
5.138753255208334,0.8372300368047729
5.143839518229167,0.7952593684310652
5.14892578125,0.8049130296781666
5.154012044270834,0.780846603422631
5.159098307291667,0.8301302097111491
5.1641845703125,0.8141044515883683
5.169270833333334,0.7474358640812828
5.174357096354167,0.7697366337612503
5.179443359375,0.7853316707074485
5.184529622395834,0.8113481299812031
5.189615885416667,0.828983042400997
5.1947021484375,0.8331828251866344
5.199788411458334,0.8175029380903517
5.204874674479167,0.7524256649645502
5.2099609375,0.7540297723445264
5.215047200520834,0.7948161170329566
5.220133463541667,0.8228541217248421
5.2252197265625,0.7802244724509872
5.230305989583334,0.851102073938433
5.235392252604167,0.7896158507353732
5.240478515625,0.7631217723602891
5.245564778645834,0.7895680355243866
5.250651041666667,0.7949791965282376
5.2557373046875,0.7597449201580599
5.260823567708334,0.7670729366038109
5.265909830729167,0.7652591198369811
5.27099609375,0.8253790996239332
5.276082356770834,0.7335305488366024
5.281168619791667,0.7797467210695768
5.2862548828125,0.7819202045113981
5.291341145833334,0.7246668680237787
5.296427408854167,0.760788915604557
5.301513671875,0.760308239388874
5.306599934895834,0.7939173027172371
5.311686197916667,0.8316017836634235
5.3167724609375,0.8509625840571184
5.321858723958334,0.7877378274089095
5.326944986979167,0.7946878099069709
5.33203125,0.8136240340052445
5.337117513020834,0.8094054185261181
5.342203776041667,0.8038814390299718
5.3472900390625,0.9281524357838475
5.352376302083334,0.8012287544419676
5.357462565104167,0.8509173085037586
5.362548828125,0.7770456424185471
5.367635091145834,0.56863416650624
5.372721354166667,0.58447741898137
5.3778076171875,0.44911524456779206
5.382893880208334,0.5829836955609139
5.387980143229167,0.5379929057133774
5.39306640625,0.4927015661664148
5.398152669270834,0.5660351657895334
5.403238932291667,0.7646238283929523
5.4083251953125,0.6944734168322713
5.413411458333334,0.7320893816859652
5.418497721354167,0.7640380241822677
5.423583984375,0.7482066467508498
5.428670247395834,0.6929135431042664
5.433756510416667,0.7487353334195652
5.4388427734375,0.7734730276122335
5.443929036458334,0.7979043015644047
5.449015299479167,0.759923074926741
5.4541015625,0.7226656839564436
5.459187825520834,0.7435256274378074
5.464274088541667,0.7713530809050442
5.4693603515625,0.7533535016171309
5.474446614583334,0.7519929666938175
5.479532877604167,0.759265917383356
5.484619140625,0.7390642560773639
5.489705403645834,0.6336501875227386
5.494791666666667,0.4866805981743405
5.4998779296875,0.4874082940705943
5.504964192708334,0.44904746024445097
5.510050455729167,0.4610145839421562
5.51513671875,0.4500778807788744
5.520222981770834,0.4201881922684039
5.525309244791667,0.6178477202805754
5.5303955078125,0.7316382800373069
5.535481770833334,0.8212794253968361
5.540568033854167,0.6362431999980083
5.545654296875,0.6565841507996923
5.550740559895834,0.5250972821317039
5.555826822916667,0.4917627943031599
5.5609130859375,0.5441520665537307
5.565999348958334,0.49538181078548726
5.571085611979167,0.5054644766581571
5.576171875,0.5078999954965489
5.581258138020834,0.4670552248552298
5.586344401041667,0.48283735434975056
5.5914306640625,0.45631260935778256
5.596516927083334,0.5322374055212399
5.601603190104167,0.5330226429710575
5.606689453125,0.4323542437979019
5.611775716145834,0.5093561168162173
5.616861979166667,0.49782371757321464
5.6219482421875,0.3961102933284481
5.627034505208334,0.5721554253916372
5.632120768229167,0.495101107336623
5.63720703125,0.5299205790238017
5.642293294270834,0.5796886931861107
5.647379557291667,0.5313807241954209
5.6524658203125,0.5310079607878306
5.657552083333334,0.5609720255260967
5.662638346354167,0.4685300357827316
5.667724609375,0.4509865708021103
5.672810872395834,0.5850084074384783
5.677897135416667,0.5007011487721978
5.6829833984375,0.5522971503093643
5.688069661458334,0.5250175185487852
5.693155924479167,0.4918648005081298
5.6982421875,0.44678251903154065
5.703328450520834,0.5445224014202844
5.708414713541667,0.5020451970661932
5.7135009765625,0.46826878105613623
5.718587239583334,0.4991186360519572
5.723673502604167,0.4617072235004227
5.728759765625,0.4910796947395718
5.733846028645834,0.496941465928862
5.738932291666667,0.651556594082169
5.7440185546875,0.722773780301955
5.749104817708334,0.6748969321564415
5.754191080729167,0.6142999697772783
5.75927734375,0.7974461667714755
5.764363606770834,0.7367454322316823
5.769449869791667,0.670143919290413
5.7745361328125,0.6773167503427764
5.779622395833334,0.6780183564646437
5.784708658854167,0.6409272298452429
5.789794921875,0.6776868865686929
5.794881184895834,0.7427019064940015
5.799967447916667,0.7244863329383185
5.8050537109375,0.6972605430261292
5.810139973958334,0.7336122264914561
5.815226236979167,0.7504038299532336
5.8203125,0.687602919432379
5.825398763020834,0.6767948306617813
5.830485026041667,0.6440868750749223
5.8355712890625,0.7241658550107648
5.840657552083334,0.6707298497182841
5.845743815104167,0.7599009874508814
5.850830078125,0.8250934679151474
5.855916341145834,0.7301126628777082
5.861002604166667,0.7135880256162035
5.8660888671875,0.6407050263111085
5.871175130208334,0.5670015431937611
5.876261393229167,0.5848152172126182
5.88134765625,0.5370960477978657
5.886433919270834,0.37115557830290713
5.891520182291667,0.49309134544590455
5.8966064453125,0.5561550925580818
5.901692708333334,0.5899760809276948
5.906778971354167,0.7372795885334686
5.911865234375,0.7139990490830642
5.916951497395834,0.6976650937818316
5.922037760416667,0.7011069571135848
5.9271240234375,0.7636953486487237
5.932210286458334,0.8592170017566878
5.937296549479167,0.7225936704631105
5.9423828125,0.744169176803941
5.947469075520834,0.7534407574679773
5.952555338541667,0.839410403872408
5.9576416015625,0.7628361912781688
5.962727864583334,0.7777663127903354
5.967814127604167,0.7175800300369978
5.972900390625,0.728817452947652
5.977986653645834,0.7417923845754889
5.983072916666667,0.7627922275971621
5.9881591796875,0.7073277301259515
5.993245442708334,0.746318131111298
5.998331705729167,0.7234231919125963
6.00341796875,0.8144817201097592
6.008504231770834,0.7734459945325544
6.013590494791667,0.7574157375767889
6.0186767578125,0.7453150125543414
6.023763020833334,0.7410874077355543
6.028849283854167,0.8079187242884057
6.033935546875,0.7504019283515908
6.039021809895834,0.7288527386687205
6.044108072916667,0.7488955092959839
6.0491943359375,0.7502883352756875
6.054280598958334,0.7687958442456
6.059366861979167,0.7719942516260994
6.064453125,0.7237196099552885
6.069539388020834,0.8158288398168245
6.074625651041667,0.7362634991162126
6.0797119140625,0.7136953186842758
6.084798177083334,0.7506065977375642
6.089884440104167,0.7715557241889627
6.094970703125,0.7602300072300747
6.100056966145834,0.8198835467251695
6.105143229166667,0.8955950468602705
6.1102294921875,0.7329121943954487
6.115315755208334,0.8304440120742356
6.120402018229167,0.7131843011753822
6.12548828125,0.7604664971116495
6.130574544270834,0.7951436266605438
6.135660807291667,0.7561664039875142
6.1407470703125,0.7168372578532768
6.145833333333334,0.7102880695854968
6.150919596354167,0.8017719072121492
6.156005859375,0.7580560242939796
6.161092122395834,0.7957003634691817
6.166178385416667,0.7701645238654725
6.1712646484375,0.8272076745825039
6.176350911458334,0.8327717959386637
6.181437174479167,0.7247944205849907
6.1865234375,0.7128848355003863
6.191609700520834,0.7067611118038779
6.196695963541667,0.7501215234642575
6.2017822265625,0.8443126610141369
6.206868489583334,0.7424903457281817
6.211954752604167,0.857318859614046
6.217041015625,0.7444558280095236
6.222127278645834,0.7484051500830847
6.227213541666667,0.7340740358750518
6.2322998046875,0.7205782506335534
6.237386067708334,0.8257654904967169
6.242472330729167,0.7721319931984807
6.24755859375,0.8345207680024769
6.252644856770834,0.8149798215108148
6.257731119791667,0.6908586502215814
6.2628173828125,0.8009474750971667
6.267903645833334,0.8140177631742773
6.272989908854167,0.787162320006338
6.278076171875,0.7351694148000032
6.283162434895834,0.7045210844182042
6.288248697916667,0.8215846906387341
6.2933349609375,0.809411863941758
6.298421223958334,0.7826596366699008
6.303507486979167,0.7393643237364251
6.30859375,0.7101138110320433
6.313680013020834,0.6740862171177645
6.318766276041667,0.7472404955861114
6.3238525390625,0.7424630542779572
6.328938802083334,0.7708884319322536
6.334025065104167,0.7416766829403492
6.339111328125,0.7985270806617698
6.344197591145834,0.7334366823696858
6.349283854166667,0.7536084643092584
6.3543701171875,0.7979184554114929
6.359456380208334,0.7773834958881698
6.364542643229167,0.6987120505400406
6.36962890625,0.732681598100809
6.374715169270834,0.7463418889743454
6.379801432291667,0.7876619448859467
6.3848876953125,0.7319329421284212
6.389973958333334,0.7776623915850959
6.395060221354167,0.7919810467907049
6.400146484375,0.6598218309120096
6.405232747395834,0.7060787568202108
6.410319010416667,0.7155419353351014
6.4154052734375,0.7152950543638292
6.420491536458334,0.749275794482199
6.425577799479167,0.7091566059179402
6.4306640625,0.7268465116667753
6.435750325520834,0.7853790658865428
6.440836588541667,0.6893974056389586
6.4459228515625,0.7664633375565238
6.451009114583334,0.7717081412739925
6.456095377604167,0.6962585011509483
6.461181640625,0.6895736649023761
6.466267903645834,0.7203575268457865
6.471354166666667,0.8366869209298562
6.4764404296875,0.717765239465311
6.481526692708334,0.7375575680035079
6.486612955729167,0.7271265631872921
6.49169921875,0.7468544708793841
6.496785481770834,0.8365752900214753
6.501871744791667,0.7797592705087676
6.5069580078125,0.7379143200335283
6.512044270833334,0.7692992553040661
6.517130533854167,0.696440761769418
6.522216796875,0.776808261181906
6.527303059895834,0.8259614347428375
6.532389322916667,0.7749403852577252
6.5374755859375,0.7214593292806472
6.542561848958334,0.7250344767920203
6.547648111979167,0.7475487153729256
6.552734375,0.7495687033510732
6.557820638020834,0.7490366185150937
6.562906901041667,0.6933623334496539
6.5679931640625,0.5982520729627119
6.573079427083334,0.6150066964384177
6.578165690104167,0.5985480712551996
6.583251953125,0.5427197979131843
6.588338216145834,0.47713997301631983
6.593424479166667,0.5325325652983589
6.5985107421875,0.6433546260338732
6.603597005208334,0.6123295410632347
6.608683268229167,0.7464999558516585
6.61376953125,0.7835563093057689
6.618855794270834,0.7461712771713751
6.623942057291667,0.805922142085933
6.6290283203125,0.715079977472619
6.634114583333334,0.7074113257529939
6.639200846354167,0.7537912677832059
6.644287109375,0.6909605239168012
6.649373372395834,0.7077508954502537
6.654459635416667,0.77913123099356
6.6595458984375,0.6932858391028035
6.664632161458334,0.7863048870810441
6.669718424479167,0.7218072645129985
6.6748046875,0.7295910917885853
6.679890950520834,0.7133341969825298
6.684977213541667,0.6572031697089595
6.6900634765625,0.6649306298250532
6.695149739583334,0.7307126746264754
6.700236002604167,0.6928724147026574
6.705322265625,0.647401261546044
6.710408528645834,0.6720198779512694
6.715494791666667,0.5925147984746227
6.7205810546875,0.6346554826387503
6.725667317708334,0.5694830100194579
6.730753580729167,0.4770426832244977
6.73583984375,0.44257143365341733
6.740926106770834,0.4855447510883419
6.746012369791667,0.5384582418406577
6.7510986328125,0.5106998705575007
6.756184895833334,0.6407495571289361
6.761271158854167,0.6480587577262655
6.766357421875,0.6573179590912472
6.771443684895834,0.7714820654053574
6.776529947916667,0.7636260134525488
6.7816162109375,0.613060450695805
6.786702473958334,0.5799002929353441
6.791788736979167,0.5382213476122658
6.796875,0.4864347566431928
6.801961263020834,0.5158789156358878
6.807047526041667,0.47115212091868397
6.8121337890625,0.38455301138761844
6.817220052083334,0.43072400215770573
6.822306315104167,0.4765276641198275
6.827392578125,0.4442832202292383
6.832478841145834,0.441424437830108
6.837565104166667,0.40777036439208625
6.8426513671875,0.4946378499096721
6.847737630208334,0.5459987882494097
6.852823893229167,0.527863003300797
6.85791015625,0.5047015985007631
6.862996419270834,0.45658398526864247
6.868082682291667,0.5025265101875125
6.8731689453125,0.5406821108405306
6.878255208333334,0.5008567527985106
6.883341471354167,0.45694860833031664
6.888427734375,0.5452708463250375
6.893513997395834,0.533528378844586
6.898600260416667,0.4437413064015009
6.9036865234375,0.4633811609301477
6.908772786458334,0.5975007747349242
6.913859049479167,0.5435028241069579
6.9189453125,0.5192273394431357
6.924031575520834,0.6750037184172196
6.929117838541667,0.5913549694446728
6.9342041015625,0.47613323393573737
6.939290364583334,0.46531976897590976
6.944376627604167,0.45423555226352247
6.949462890625,0.44611543786672436
6.954549153645834,0.621032475830052
6.959635416666667,0.4770290871844939
6.9647216796875,0.5570835506370402
6.969807942708334,0.5755460873196436
6.974894205729167,0.5281428516605398
6.97998046875,0.5123591112724055
6.985066731770834,0.3995625776197802
6.990152994791667,0.473498420079349
6.9952392578125,0.3905112592412139
7.000325520833334,0.5608252868195382
7.005411783854167,0.5618018701766343
7.010498046875,0.50979271421384
7.015584309895834,0.5778200737853062
7.020670572916667,0.6182981399612693
7.0257568359375,0.7093548582779015
7.030843098958334,0.6524713819964729
7.035929361979167,0.7531896857233655
7.041015625,0.7284981060860538
7.046101888020834,0.6671310757960189
7.051188151041667,0.7860564946137829
7.0562744140625,0.689291423295294
7.061360677083334,0.6481940866162365
7.066446940104167,0.6723246458128342
7.071533203125,0.7310236067531808
7.076619466145834,0.6363642027364945
7.081705729166667,0.7086647173696983
7.0867919921875,0.6610933635649615
7.091878255208334,0.6815838753085108
7.096964518229167,0.6736088328735275
7.10205078125,0.6775756176834802
7.107137044270834,0.6567648632467372
7.112223307291667,0.7276292536922291
7.1173095703125,0.7427968505575053
7.122395833333334,0.7459019341445867
7.127482096354167,0.7613332353118272
7.132568359375,0.6503986018831414
7.137654622395834,0.6693185158053804
7.142740885416667,0.6857125532184926
7.1478271484375,0.6802471606567231
7.152913411458334,0.7875359569090992
7.157999674479167,0.7278275267841763
7.1630859375,0.7790590535035539
7.168172200520834,0.7559015398475164
7.173258463541667,0.6880483088374858
7.1783447265625,0.669935042882607
7.183430989583334,0.578325025283001
7.188517252604167,0.5057653002703989
7.193603515625,0.532725861741005
7.198689778645834,0.5750726079446568
7.203776041666667,0.4603116138248671
7.2088623046875,0.5101458319366179
7.213948567708334,0.6881956203985212
7.219034830729167,0.6261402343312052
7.22412109375,0.6204031431055879
7.229207356770834,0.7690675135570206
7.234293619791667,0.7547980467626961
7.2393798828125,0.8365036929944292
7.244466145833334,0.7765660404684954
7.249552408854167,0.7787452643395025
7.254638671875,0.7693959999651749
7.259724934895834,0.7884993866679402
7.264811197916667,0.8302261073625904
7.2698974609375,0.8004116151170397
7.274983723958334,0.7027571198632255
7.280069986979167,0.7408928524253824
7.28515625,0.7938714138485305
7.290242513020834,0.7344354726885904
7.295328776041667,0.6959685873566093
7.3004150390625,0.735042844468656
7.305501302083334,0.7301388731205323
7.310587565104167,0.766014697645925
7.315673828125,0.7129210307678228
7.320760091145834,0.8069177940613912
7.325846354166667,0.6572233780617629
7.3309326171875,0.7262477871281136
7.336018880208334,0.7187159275001122
7.341105143229167,0.8483110909209097
7.34619140625,0.7504652615067247
7.351277669270834,0.7049598350942448
7.356363932291667,0.7360016626338542
7.3614501953125,0.787643220273363
7.366536458333334,0.7538208126796
7.371622721354167,0.6243295570544427
7.376708984375,0.839174942015571
7.381795247395834,0.7236731731272716
7.386881510416667,0.7736048881481723
7.3919677734375,0.8137457967209021
7.397054036458334,0.6968489073412593
7.402140299479167,0.7957724600771281
7.4072265625,0.763598484891976
7.412312825520834,0.6870761922028954
7.417399088541667,0.6796361885254211
7.4224853515625,0.7764995694183672
7.427571614583334,0.7259136878414699
7.432657877604167,0.7715319089476711
7.437744140625,0.6818695960944026
7.442830403645834,0.7576254985723028
7.447916666666667,0.7734056935668941
7.4530029296875,0.8146387288489721
7.458089192708334,0.7289050221384302
7.463175455729167,0.7221484231943965
7.46826171875,0.703017914116765
7.473347981770834,0.753146501897898
7.478434244791667,0.8044822264378754
7.4835205078125,0.8187674687138984
7.488606770833334,0.7293109017728137
7.493693033854167,0.7439399823299726
7.498779296875,0.775957266946233
7.503865559895834,0.6940052370984474
7.508951822916667,0.8213245147930344
7.5140380859375,0.8551823573637176
7.519124348958334,0.6713504922038032
7.524210611979167,0.7632337155318096
7.529296875,0.7799183928733624
7.534383138020834,0.733813440422685
7.539469401041667,0.8023348092205478
7.5445556640625,0.7271449075357327
7.549641927083334,0.7154004676353669
7.554728190104167,0.7195380695518762
7.559814453125,0.7642211886020203
7.564900716145834,0.6710948796849905
7.569986979166667,0.7242364908205762
7.5750732421875,0.7464683206407758
7.580159505208334,0.7464423208238256
7.585245768229167,0.7742563634632801
7.59033203125,0.7968089054809904
7.595418294270834,0.704453314375945
7.600504557291667,0.7184157143096076
7.6055908203125,0.6937525021196951
7.610677083333334,0.6878429178569833
7.615763346354167,0.7539792311907354
7.620849609375,0.7389160591109517
7.625935872395834,0.6933380313324768
7.631022135416667,0.781787530232338
7.6361083984375,0.7666342850576767
7.641194661458334,0.7268341496712301
7.646280924479167,0.7283697656921668
7.6513671875,0.7176084254473877
7.656453450520834,0.7471249813898778
7.661539713541667,0.7488524124664094
7.6666259765625,0.686898468548429
7.671712239583334,0.7560012889596601
7.676798502604167,0.8104579390113735
7.681884765625,0.7343209054941117
7.686971028645834,0.7227128779207203
7.692057291666667,0.7104904494679427
7.6971435546875,0.6681784727795009
7.702229817708334,0.7589401136123906
7.707316080729167,0.6750294717988167
7.71240234375,0.7433416626826639
7.717488606770834,0.7078166241106042
7.722574869791667,0.7125805939279515
7.7276611328125,0.6869270518786292
7.732747395833334,0.6379216970543635
7.737833658854167,0.7773754895643589
7.742919921875,0.6889870213730664
7.748006184895834,0.7648688354057991
7.753092447916667,0.7846821541279173
7.7581787109375,0.750022496056892
7.763264973958334,0.6292755852921039
7.768351236979167,0.6273223386197417
7.7734375,0.5902179530809348
7.778523763020834,0.5490053824106085
7.783610026041667,0.6790388026312217
7.7886962890625,0.7207544279255873
7.793782552083334,0.572699405966473
7.798868815104167,0.6301171349060184
7.803955078125,0.7056926334426801
7.809041341145834,0.6574722688984314
7.814127604166667,0.7576431321047736
7.8192138671875,0.7171722845805287
7.824300130208334,0.7504718803749129
7.829386393229167,0.729582802453866
7.83447265625,0.7381530789711694
7.839558919270834,0.6637536613888085
7.844645182291667,0.6227119178882402
7.8497314453125,0.6871351442817518
7.854817708333334,0.7220461006733551
7.859903971354167,0.7662881918553743
7.864990234375,0.6701575539635269
7.870076497395834,0.7462148661535055
7.875162760416667,0.7403799060993979
7.8802490234375,0.6557536646168522
7.885335286458334,0.7493368005649454
7.890421549479167,0.7018416426019893
7.8955078125,0.7298067463174301
7.900594075520834,0.7243723281377521
7.905680338541667,0.706602812784362
7.9107666015625,0.6570705166459023
7.915852864583334,0.711208005342657
7.920939127604167,0.7304142579276539
7.926025390625,0.8258042590727056
7.931111653645834,0.7772827137066146
7.936197916666667,0.723081542247938
7.9412841796875,0.6836655269674949
7.946370442708334,0.6472357847833323
7.951456705729167,0.6190711035610313
7.95654296875,0.5502486522207563
7.961629231770834,0.519057648783109
7.966715494791667,0.5397860681167999
7.9718017578125,0.5491649163777444
7.976888020833334,0.4876425716555727
7.981974283854167,0.5113343343121134
7.987060546875,0.6171425322480127
7.992146809895834,0.6334031296347068
7.997233072916667,0.6998682892122433
8.0023193359375,0.6691285634752852
8.007405598958334,0.7579420902611791
8.012491861979168,0.7223270289847332
8.017578125,0.7788158463106436
8.022664388020834,0.680750631239996
8.027750651041668,0.6840010602610599
8.0328369140625,0.6570293888734463
8.037923177083334,0.6085201257931323
8.043009440104168,0.5471049727974979
8.048095703125,0.5144799958331582
8.053181966145834,0.5051838015964845
8.058268229166668,0.4055723822286592
8.0633544921875,0.4812524775293503
8.068440755208334,0.4932739175341461
8.073527018229168,0.41248262266877894
8.07861328125,0.4720265580874993
8.083699544270834,0.48785958234328913
8.088785807291668,0.47926611380003176
8.0938720703125,0.44610494392929306
8.098958333333334,0.5710872288397427
8.104044596354168,0.5280721378388633
8.109130859375,0.4852875769914602
8.114217122395834,0.47112758441098546
8.119303385416668,0.43948815676085734
8.1243896484375,0.43655799025337705
8.129475911458334,0.4638700464489297
8.134562174479168,0.6487861242711954
8.1396484375,0.5547989225764276
8.144734700520834,0.5430014722581424
8.149820963541668,0.5294283788483638
8.1549072265625,0.4410612553265656
8.159993489583334,0.5234426210696684
8.165079752604168,0.5359756544826328
8.170166015625,0.6434682763155557
8.175252278645834,0.6136914139681202
8.180338541666668,0.5934270581990699
8.1854248046875,0.5974725327026332
8.190511067708334,0.565180716537176
8.195597330729168,0.4657551277047984
8.20068359375,0.44672526624634135
8.205769856770834,0.5040818406532852
8.210856119791668,0.5754082599448302
8.2159423828125,0.5476603760338009
8.221028645833334,0.6159876927730907
8.226114908854168,0.5936553196615129
8.231201171875,0.5561920962790512
8.236287434895834,0.5768418830283362
8.241373697916668,0.47368864202661914
8.2464599609375,0.5872773823204507
8.251546223958334,0.553147000058113
8.256632486979168,0.5157356292863741
8.26171875,0.507682363106803
8.266805013020834,0.4429539073170846
8.271891276041668,0.4509158216857711
8.2769775390625,0.6401592143657204
8.282063802083334,0.490613480443409
8.287150065104168,0.5018554692578499
8.292236328125,0.5583146725985415
8.297322591145834,0.5417632047826344
8.302408854166668,0.7249804466239305
8.3074951171875,0.6907668352513441
8.312581380208334,0.6633801553228486
8.317667643229168,0.6568807188598382
8.32275390625,0.728571865103711
8.327840169270834,0.7391280617810835
8.332926432291668,0.703425801357229
8.3380126953125,0.5724614017207269
8.343098958333334,0.6915923584863471
8.348185221354168,0.7107055816867801
8.353271484375,0.6235272644348204
8.358357747395834,0.7213298440884087
8.363444010416668,0.658627898666523
8.3685302734375,0.5845579944334824
8.373616536458334,0.6711743539047403
8.378702799479168,0.6531933871323493
8.3837890625,0.6198046133029493
8.388875325520834,0.6456858450614307
8.393961588541668,0.6666848425570377
8.3990478515625,0.6720240753728421
8.404134114583334,0.6190882639123441
8.409220377604168,0.6569759427299661
8.414306640625,0.7023360504969519
8.419392903645834,0.6671337244237995
8.424479166666668,0.6905240291275047
8.4295654296875,0.5984916125979289
8.434651692708334,0.6921487262529157
8.439737955729168,0.697213529285091
8.44482421875,0.731846733299111
8.449910481770834,0.6165425397719404
8.454996744791668,0.7213167629364294
8.4600830078125,0.7266369464976371
8.465169270833334,0.7546478482001692
8.470255533854168,0.8093511506717038
8.475341796875,0.7458497033535345
8.480428059895834,0.739587511437311
8.485514322916668,0.6940474947620723
8.4906005859375,0.6711675472395666
8.495686848958334,0.6939956172752231
8.500773111979168,0.6012004309584842
8.505859375,0.5874662316774886
8.510945638020834,0.5071743694888378
8.516031901041668,0.48930428594723757
8.5211181640625,0.493687426848927
8.526204427083334,0.5697509379094237
8.531290690104168,0.6050845485468911
8.536376953125,0.5372046988041701
8.541463216145834,0.7324076190130083
8.546549479166668,0.7130396687424183
8.5516357421875,0.7342781045112794
8.556722005208334,0.7157164104871879
8.561808268229168,0.685259489896773
8.56689453125,0.6576303986802682
8.571980794270834,0.6407241444791706
8.577067057291668,0.6563032228888686
8.5821533203125,0.6726498526675875
8.587239583333334,0.7819586218600999
8.592325846354168,0.6949737076304238
8.597412109375,0.6284023960579979
8.602498372395834,0.6348617545979917
8.607584635416668,0.6957502851513399
8.6126708984375,0.7837737851716072
8.617757161458334,0.710320897540566
8.622843424479168,0.7632048141578183
8.6279296875,0.6186088118819205
8.633015950520834,0.7913435371083765
8.638102213541668,0.660515797413594
8.6431884765625,0.6808315649952574
8.648274739583334,0.6764680606736126
8.653361002604168,0.6830853400763373
8.658447265625,0.624869041799704
8.663533528645834,0.6809862580531765
8.668619791666668,0.6563649316569167
8.6737060546875,0.7281766911117153
8.678792317708334,0.6806847819111441
8.683878580729168,0.7307868505002648
8.68896484375,0.7435725712636806
8.694051106770834,0.7217796871166609
8.699137369791668,0.7197329403391854
8.7042236328125,0.6762626815849669
8.709309895833334,0.6442465576110019
8.714396158854168,0.7768585481334445
8.719482421875,0.6909550686197781
8.724568684895834,0.6438201101255091
8.729654947916668,0.7056740881929228
8.7347412109375,0.6898902947816024
8.739827473958334,0.64885571940055
8.744913736979168,0.6521693818331058
8.75,0.7470773122541559
8.755086263020834,0.7175835425648933
8.760172526041668,0.7476617386238695
8.7652587890625,0.6256554341016454
8.770345052083334,0.7189244496592715
8.775431315104168,0.7128385651340061
8.780517578125,0.669716342966226
8.785603841145834,0.5964252450018347
8.790690104166668,0.7401859658398805
8.7957763671875,0.6295397784807734
8.800862630208334,0.7415107203566316
8.805948893229168,0.7569985984043416
8.81103515625,0.7223017846937787
8.816121419270834,0.6960795268813974
8.821207682291668,0.8049792512473274
8.8262939453125,0.7034350396328071
8.831380208333334,0.7299111564664145
8.836466471354168,0.6850506936141083
8.841552734375,0.7270382145063676
8.846638997395834,0.7035408931110227
8.851725260416668,0.6471948327052688
8.8568115234375,0.7050348614495114
8.861897786458334,0.6805711678756676
8.866984049479168,0.6645601846121733
8.8720703125,0.6999329986022125
8.877156575520834,0.6589077930938616
8.882242838541668,0.7476838025766668
8.8873291015625,0.6965394086747371
8.892415364583334,0.6546911677463659
8.897501627604168,0.662910282134763
8.902587890625,0.6654566290397128
8.907674153645834,0.6393686711941161
8.912760416666668,0.701318118262515
8.9178466796875,0.716074820033864
8.922932942708334,0.6330486111928723
8.928019205729168,0.6603303784867846
8.93310546875,0.647269424720475
8.938191731770834,0.6485031583855925
8.943277994791668,0.7191850036424113
8.9483642578125,0.6868724661846772
8.953450520833334,0.603182506055426
8.958536783854168,0.696820784972013
8.963623046875,0.6198750057051998
8.968709309895834,0.6739206288415609
8.973795572916668,0.5754197745044078
8.9788818359375,0.5902154632844954
8.983968098958334,0.7037908718691619
8.989054361979168,0.5834513362762781
8.994140625,0.6092759947476364
8.999226888020834,0.788918892577472
9.004313151041668,0.6332438606658132
9.0093994140625,0.6609987047228099
9.014485677083334,0.6986616579768934
9.019571940104168,0.7186378271345271
9.024658203125,0.6368992238469425
9.029744466145834,0.6809461918973797
9.034830729166668,0.7071544935492685
9.0399169921875,0.6810203566591899
9.045003255208334,0.6230132638230736
9.050089518229168,0.7435587587715939
9.05517578125,0.6815138156714717
9.060262044270834,0.7375913939757541
9.065348307291668,0.7237792122671736
9.0704345703125,0.7057735346514296
9.075520833333334,0.7128925105783996
9.080607096354168,0.5809295056395896
9.085693359375,0.6873510907189232
9.090779622395834,0.6299609523758297
9.095865885416668,0.5691826614647275
9.1009521484375,0.6872510226377974
9.106038411458334,0.6806893994438061
9.111124674479168,0.6375827840163809
9.1162109375,0.704320254383059
9.121297200520834,0.6680031900413719
9.126383463541668,0.7653751641633424
9.1314697265625,0.6837685987786332
9.136555989583334,0.6760614364755784
9.141642252604168,0.6526127375900026
9.146728515625,0.6791191825407196
9.151814778645834,0.6545763385298674
