tau_us,signal_norm
0.20080566406250003,0.9889293111759038
0.20589192708333334,0.9509210120436018
0.21097819010416669,1.0075153371747367
0.21606445312500003,1.0453243263747276
0.22115071614583334,0.9786230262116672
0.22623697916666669,0.9680755017384145
0.23132324218750003,0.9995863114536756
0.23640950520833334,1.025137045053135
0.24149576822916669,0.9860846983796259
0.24658203125000003,1.0687000687617871
0.2516682942708333,0.9861966607397528
0.2567545572916667,0.9558253476145108
0.2618408203125,1.0323303448963332
0.2669270833333333,0.9975234869512528
0.2720133463541667,1.071930665560664
0.277099609375,0.9950007837637681
0.2821858723958333,0.9697720428462768
0.2872721354166667,1.0241325943962303
0.2923583984375,1.0457272400437798
0.2974446614583333,1.1188843181957195
0.3025309244791667,1.0441343312083253
0.3076171875,0.9778301290516004
0.3127034505208333,0.951433546032542
0.3177897135416667,1.0357927611003341
0.3228759765625,1.0029586583299324
0.3279622395833333,1.0258204611085473
0.3330485026041667,1.0001897298906686
0.338134765625,1.0059501180920507
0.3432210286458333,1.0037914246738158
0.3483072916666667,0.9401288625102107
0.3533935546875,1.0643636538645558
0.3584798177083333,1.0077826341324192
0.3635660807291667,1.00485546837134
0.36865234375,0.9738084616297957
0.3737386067708333,1.0016129681017953
0.3788248697916667,1.0361142548355777
0.3839111328125,1.0747825467079966
0.3889973958333333,1.06180067764558
0.3940836588541667,0.9579029732930615
0.399169921875,1.0157246875882628
0.4042561848958333,0.9824576787426427
0.4093424479166667,1.030589561005024
0.4144287109375,1.0175806716764946
0.4195149739583333,0.9977304444423531
0.4246012369791667,0.9971372317565421
0.4296875,1.0558062162750543
0.4347737630208333,0.985239958158938
0.4398600260416667,0.9403742920294408
0.4449462890625,1.0098456318319204
0.4500325520833333,0.9434578461186284
0.4551188151041667,1.011235522736343
0.460205078125,1.005739466030019
0.4652913411458333,1.0056237543351956
0.4703776041666667,0.9022111113291718
0.4754638671875,0.943331388712791
0.4805501302083333,1.0029704751054482
0.4856363932291667,1.0128850873479989
0.49072265625,1.0067505774210157
0.4958089192708333,0.9658002250641982
0.5008951822916667,0.9752445427282459
0.5059814453125001,0.9945789251039948
0.5110677083333334,0.9601760839992199
0.5161539713541667,0.9174962330614003
0.5212402343750001,0.9331378792715418
0.5263264973958334,0.9370048656700658
0.5314127604166667,0.9087972439998406
0.5364990234375001,0.9291947019729678
0.5415852864583334,0.8672415201545871
0.5466715494791667,0.763293772614947
0.5517578125000001,0.7482732759869011
0.5568440755208334,0.7194425816575031
0.5619303385416667,0.678358897050785
0.5670166015625001,0.5335879890920975
0.5721028645833334,0.4763291076555954
0.5771891276041667,0.5235574283298856
0.5822753906250001,0.4771807471368523
0.5873616536458334,0.5160536959487155
0.5924479166666667,0.5609285739093337
0.5975341796875001,0.5084670097675215
0.6026204427083334,0.5249147503912475
0.6077067057291667,0.49039218469077417
0.6127929687500001,0.5433268541694686
0.6178792317708334,0.5199077962558909
0.6229654947916667,0.5730143143972606
0.6280517578125001,0.5193797702707822
0.6331380208333334,0.5167286036630075
0.6382242838541667,0.49217916209394746
0.6433105468750001,0.4626941844818738
0.6483968098958334,0.5487371227510219
0.6534830729166667,0.5781106015776871
0.6585693359375001,0.6002559084294088
0.6636555989583334,0.5964536365638637
0.6687418619791667,0.7192317941730864
0.6738281250000001,0.8122075128052879
0.6789143880208334,0.8067096757881955
0.6840006510416667,0.8538039262962305
0.6890869140625001,0.8028390881113716
0.6941731770833334,0.8399895292390193
0.6992594401041667,0.7902379694808421
0.7043457031250001,0.745087454566359
0.7094319661458334,0.8267987323239239
0.7145182291666667,0.905354968216608
0.7196044921875001,0.9239570224231821
0.7246907552083334,0.8630859067001864
0.7297770182291667,0.8853216376478816
0.7348632812500001,0.9313878822015826
0.7399495442708334,0.9327260187864264
0.7450358072916667,0.8371021443493232
0.7501220703125001,0.8566712224243369
0.7552083333333334,0.9388067926169221
0.7602945963541667,0.9228439075749093
0.7653808593750001,0.9870592715722587
0.7704671223958334,0.9528288582103053
0.7755533854166667,0.8982694582093778
0.7806396484375001,0.89954600947287
0.7857259114583334,0.9046042648217006
0.7908121744791667,0.9948263889721418
0.7958984375000001,0.9631635541522506
0.8009847005208334,0.8977645100224505
0.8060709635416667,0.953110894655566
0.8111572265625001,0.9367023661330398
0.8162434895833334,1.0240491953286575
0.8213297526041667,0.9391856456206661
0.8264160156250001,0.9612464808767585
0.8315022786458334,0.9878066212150232
0.8365885416666667,0.9534906745776609
0.8416748046875001,0.9409940470041229
0.8467610677083334,0.9353818984314364
0.8518473307291667,0.9659538186713006
0.8569335937500001,0.933521794921003
0.8620198567708334,0.95387515677017
0.8671061197916667,0.9405495374743282
0.8721923828125001,1.0273224881988012
0.8772786458333334,1.0529059329792783
0.8823649088541667,0.9329669395290241
0.8874511718750001,0.9290017531287769
0.8925374348958334,0.9346210262332533
0.8976236979166667,0.9663521344615325
0.9027099609375001,0.9393928920006669
0.9077962239583334,0.8966542702591555
0.9128824869791667,0.9720812624419601
0.9179687500000001,1.0593821153856127
0.9230550130208334,0.9131881124935671
0.9281412760416667,0.9830754279943268
0.9332275390625001,0.9611565682144674
0.9383138020833334,0.9359760027505193
0.9434000651041667,0.9093768029401046
0.9484863281250001,0.9568163214505377
0.9535725911458334,0.9370857263000081
0.9586588541666667,0.9551128853151969
0.9637451171875001,0.9574604580836978
0.9688313802083334,1.0014837027561851
0.9739176432291667,0.9455511405831472
0.9790039062500001,0.9233305312008082
0.9840901692708334,0.9419226882679901
0.9891764322916667,0.9436132152326263
0.9942626953125001,0.995350891333949
0.9993489583333334,1.0041523427660386
1.0044352213541667,0.9277535076514574
1.009521484375,0.8222068655461863
1.0146077473958333,0.9084844102297429
1.0196940104166667,0.9403697770653188
1.0247802734375,0.9044745052686411
1.0298665364583333,0.9576581530793993
1.0349527994791667,0.9448127574030986
1.0400390625,0.9288609411336384
1.0451253255208333,0.9420774511306895
1.0502115885416667,0.9142989479985915
1.0552978515625,0.949782037408816
1.0603841145833333,1.0059305299317056
1.0654703776041667,0.9275455857039856
1.070556640625,0.9339578411298659
1.0756429036458333,0.9286093420924447
1.0807291666666667,0.9773863943023838
1.0858154296875,0.9377257697308404
1.0909016927083333,0.9606168127227921
1.0959879557291667,0.9173481316827955
1.10107421875,0.9310279061180655
1.1061604817708333,0.9405923216360836
1.1112467447916667,0.9282136491077835
1.1163330078125,0.9942970529848807
1.1214192708333333,0.9692174548746217
1.1265055338541667,0.9243777195381888
1.131591796875,0.9717255545060968
1.1366780598958333,0.9493768859722479
1.1417643229166667,0.9689433483355123
1.1468505859375,0.9677283256494231
1.1519368489583333,0.9716205841474443
1.1570231119791667,0.906473675416172
1.162109375,0.9452240711511174
1.1671956380208333,0.9707240151374671
1.1722819010416667,0.9501532987406698
1.1773681640625,0.9408565982728796
1.1824544270833333,0.9611846608875941
1.1875406901041667,0.9400769616684423
1.192626953125,0.9033728960797875
1.1977132161458333,0.9336299887173993
1.2027994791666667,0.9897362901868545
1.2078857421875,0.9486059466620143
1.2129720052083333,0.9879445649648437
1.2180582682291667,1.0013947294881351
1.22314453125,0.9344649823262692
1.2282307942708333,0.8976150209315977
1.2333170572916667,0.9413369609359086
1.2384033203125,0.9048443195518023
1.2434895833333333,0.8688719668648155
1.2485758463541667,0.977624497974027
1.253662109375,0.987422338791097
1.2587483723958333,1.001737368430324
1.2638346354166667,1.0130718863422596
1.2689208984375,0.9398418267451124
1.2740071614583333,0.8666151039710046
1.2790934244791667,0.8889022405750144
1.2841796875,0.94241713153773
1.2892659505208333,0.9474799887898684
1.2943522135416667,0.9939637487762873
1.2994384765625,0.962182174967142
1.3045247395833333,0.9195441281097289
1.3096110026041667,0.9676199686495943
1.314697265625,0.938394924819949
1.3197835286458333,0.9077886167596586
1.3248697916666667,0.9716340363005851
1.3299560546875,0.926646618406177
1.3350423177083333,0.9887338912384189
1.3401285807291667,0.9781734215511735
1.34521484375,1.0022101782541153
1.3503011067708333,0.8704288214359308
1.3553873697916667,1.0151741309013178
1.3604736328125,0.8483950065869031
1.3655598958333333,1.0121369487321306
1.3706461588541667,0.9186916808743735
1.375732421875,0.9703726018504707
1.3808186848958333,0.9427766470383483
1.3859049479166667,0.9006630720887641
1.3909912109375,0.9802556433346603
1.3960774739583333,0.9645929851328225
1.4011637369791667,0.9895183130656712
1.40625,0.8777102480256629
1.4113362630208333,0.9010725985052278
1.4164225260416667,0.9329858717847741
1.4215087890625,0.9343274184270927
1.4265950520833333,0.9814192709399783
1.4316813151041667,0.9143048054826273
1.436767578125,0.9179811902795162
1.4418538411458333,0.9490941255694112
1.4469401041666667,0.9519606459548728
1.4520263671875,0.9010376289358042
1.4571126302083333,1.0135223219797482
1.4621988932291667,0.9295625310971101
1.46728515625,0.8723480066762699
1.4723714192708333,0.9492228842900468
1.4774576822916667,0.9421185085310027
1.4825439453125,0.9401152857820532
1.4876302083333333,0.9410760304888476
1.4927164713541667,0.9467127865443943
1.497802734375,0.9607692653869404
1.5028889973958333,0.9763378517871396
1.5079752604166667,0.9594027652690609
1.5130615234375,0.8874173725432504
1.5181477864583333,0.9159520532738945
1.5232340494791667,0.9555664179887532
1.5283203125,0.8551343516377504
1.5334065755208333,0.9594664915158124
1.5384928385416667,0.9547374813830614
1.5435791015625,0.9527842894723626
1.5486653645833333,0.9456733997993512
1.5537516276041667,0.9341947970124351
1.558837890625,0.8543089463774702
1.5639241536458333,0.8724385076329176
1.5690104166666667,0.9076307861071402
1.5740966796875,0.9862333782239971
1.5791829427083333,0.9288813187609448
1.5842692057291667,0.9471814175368769
1.58935546875,0.9011845932378328
1.5944417317708333,0.8213215427857401
1.5995279947916667,0.8740563093686113
1.6046142578125,0.8815343600030956
1.6097005208333333,0.9042716872887608
1.6147867838541667,0.9108460621924233
1.619873046875,0.9263438853320528
1.6249593098958333,0.9119219368792302
1.6300455729166667,0.9215814452339551
1.6351318359375,0.962432480241523
1.6402180989583333,0.9658630224050311
1.6453043619791667,0.9022627308945714
1.650390625,0.8914847426167799
1.6554768880208333,0.9342316892962628
1.6605631510416667,0.9041976311443416
1.6656494140625,0.8816120219429764
1.6707356770833333,0.938173305670924
1.6758219401041667,0.8998843262818045
1.680908203125,0.7759651644341875
1.6859944661458333,0.8368359000991475
1.6910807291666667,0.8270258388143511
1.6961669921875,0.893215312186474
1.7012532552083333,0.916062137266661
1.7063395182291667,0.8733728152921594
1.71142578125,0.9258269989848666
1.7165120442708333,0.8252676141539788
1.7215983072916667,0.8197527367575183
1.7266845703125,0.8233288384646837
1.7317708333333333,0.832647492144285
1.7368570963541667,0.895719254409084
1.741943359375,0.8198755123338546
1.7470296223958333,0.8689150016172049
1.7521158854166667,0.773638360001669
1.7572021484375,0.7357732028503562
1.7622884114583333,0.5968656872307708
1.7673746744791667,0.5194296682346167
1.7724609375,0.4018709134180841
1.7775472005208333,0.3100474448947318
1.7826334635416667,0.3178365727651412
1.7877197265625,0.41313340771746504
1.7928059895833333,0.5520850786703008
1.7978922526041667,0.48863194610620403
1.802978515625,0.5653934950454
1.8080647786458333,0.49194904069971834
1.8131510416666667,0.48451728182075526
1.8182373046875,0.4664222853370481
1.8233235677083333,0.44272096790685866
1.8284098307291667,0.46911329815229524
1.83349609375,0.4954701110129045
1.8385823567708333,0.510648706452097
1.8436686197916667,0.5319145601723179
1.8487548828125,0.526164346201592
1.8538411458333333,0.46051373954097596
1.8589274088541667,0.494693191925158
1.864013671875,0.5242278753778401
1.8690999348958333,0.4776580107297851
1.8741861979166667,0.6060867098913535
1.8792724609375,0.4668054165438634
1.8843587239583333,0.4678723618809721
1.8894449869791667,0.49375302653150405
1.89453125,0.497336511791084
1.8996175130208333,0.46280749753606154
1.9047037760416667,0.46810576608424764
1.9097900390625,0.5926997390305485
1.9148763020833333,0.5005617911248303
1.9199625651041667,0.5783192566561436
1.925048828125,0.6399129719937906
1.9301350911458333,0.6694131816550835
1.9352213541666667,0.5619590137088871
1.9403076171875,0.5170667798648612
1.9453938802083333,0.48363121008924553
1.9504801432291667,0.4488119219185501
1.95556640625,0.5169247660655084
1.9606526692708333,0.5747147798140227
1.9657389322916667,0.6552871514145234
1.9708251953125,0.7639685245250112
1.9759114583333333,0.7986568136445741
1.9809977213541667,0.8492135302708528
1.986083984375,0.833065209312724
1.9911702473958333,0.8932487813098318
1.9962565104166667,0.8693887465005682
2.0013427734375,0.9141361536178024
2.0064290364583335,0.9075857067634856
2.011515299479167,0.9760299318532462
2.0166015625000004,0.9195939229578358
2.0216878255208335,0.9287201744586933
2.026774088541667,0.9734867356877754
2.0318603515625004,0.9124053539715498
2.0369466145833335,0.9995605178119168
2.042032877604167,0.9233496289045172
2.0471191406250004,0.9588069530851048
2.0522054036458335,0.9161277697039802
2.057291666666667,0.9764448919960602
2.0623779296875004,0.884168645083794
2.0674641927083335,0.9335606274615815
2.072550455729167,0.9012737588695574
2.0776367187500004,0.993197834652779
2.0827229817708335,0.881327001677477
2.087809244791667,0.9142098607811882
2.0928955078125004,0.9751661289711717
2.0979817708333335,0.9814664900531598
2.103068033854167,0.9387075939570957
2.1081542968750004,0.9905144089170018
2.1132405598958335,0.994655366945158
2.118326822916667,0.9648477219851277
2.1234130859375004,1.009320564294451
2.1284993489583335,0.8953301827162974
2.133585611979167,0.9018057430353328
2.1386718750000004,0.8971029495498077
2.1437581380208335,0.9390971615335459
2.148844401041667,0.9252183324464148
2.1539306640625004,0.9621466440884181
2.1590169270833335,0.8748512927431622
2.164103190104167,0.9377709470986577
2.1691894531250004,0.9174686551405988
2.1742757161458335,0.8954613785832033
2.179361979166667,0.9307010711154388
2.1844482421875004,0.9332547708658845
2.1895345052083335,0.9493524784910112
2.194620768229167,1.0060776100170266
2.1997070312500004,0.9688919299913109
2.2047932942708335,0.9703791256430125
2.209879557291667,1.0149245062751575
2.2149658203125004,0.8788657407235194
2.2200520833333335,0.9417873990600792
2.225138346354167,0.9188785246913371
2.2302246093750004,0.9262322477766893
2.2353108723958335,0.9863603353660526
2.240397135416667,0.9413396630629424
2.2454833984375004,0.8876348737084607
2.2505696614583335,0.9121448322198951
2.255655924479167,0.9296008086492108
2.2607421875000004,0.9563584933040465
2.2658284505208335,0.9135375893999076
2.270914713541667,0.9089064146882616
2.2760009765625004,0.889563340521629
2.2810872395833335,0.9356853230824336
2.286173502604167,0.9212517329185343
2.2912597656250004,0.944502712234387
2.2963460286458335,0.9151326442016162
2.301432291666667,0.9162167057576398
2.3065185546875004,0.8511383511991668
2.3116048177083335,0.9438072916255027
2.316691080729167,0.8598064600939133
2.3217773437500004,0.912892336132513
2.3268636067708335,0.9013668110356596
2.331949869791667,0.9347999850806981
2.3370361328125004,0.921744374253904
2.3421223958333335,0.9325617141483766
2.347208658854167,0.9099821401020353
2.3522949218750004,0.8698599030979177
2.3573811848958335,0.9140964944993007
2.362467447916667,0.8899164826501733
2.3675537109375004,0.9332746824906856
2.3726399739583335,0.9343033427840716
2.377726236979167,0.974999065028543
2.3828125000000004,0.9389263637448999
2.3878987630208335,0.9816333374204058
2.392985026041667,0.865185232248399
2.3980712890625004,0.9821963006111767
2.4031575520833335,0.9227240990800538
2.408243815104167,0.9297804316981355
2.4133300781250004,0.8745189877757755
2.4184163411458335,0.9353653863611037
2.423502604166667,0.9753941142335001
2.4285888671875004,0.9165524377907356
2.4336751302083335,0.9392700862829684
2.438761393229167,0.9714450887480527
2.4438476562500004,0.8847925468947516
2.4489339192708335,0.8683800675688552
2.454020182291667,0.896702073414521
2.4591064453125004,0.9054767497148595
2.4641927083333335,0.9888683694637593
2.469278971354167,0.9512163347491978
2.4743652343750004,0.8931793953972637
2.4794514973958335,0.9826686799940543
2.484537760416667,0.8865095403320986
2.4896240234375004,0.9531310785882655
2.4947102864583335,0.9734736502339001
2.499796549479167,0.9406168177855853
2.5048828125000004,0.9220645369807339
2.5099690755208335,0.9142092209204571
2.515055338541667,1.0046201475927576
2.5201416015625004,0.9091978894045665
2.5252278645833335,0.9021235916956919
2.530314127604167,0.9037939599192322
2.5354003906250004,0.8870534304312216
2.5404866536458335,0.9006821209452172
2.545572916666667,0.9767627193846221
2.5506591796875004,0.8837208629339429
2.5557454427083335,0.8931909165453995
2.560831705729167,0.9396510364850432
2.5659179687500004,0.9097763441780561
2.5710042317708335,0.9677386929611145
2.576090494791667,0.9610230235290146
2.5811767578125004,0.9397320800900738
2.5862630208333335,0.9758122167050653
2.591349283854167,0.9952476036300878
2.5964355468750004,0.8954169999334669
2.6015218098958335,0.9196597221153273
2.606608072916667,0.849688214787151
2.6116943359375004,1.0057397287943948
2.6167805989583335,0.9519515150139193
2.621866861979167,0.8980098312743008
2.6269531250000004,0.9275925735413548
2.6320393880208335,0.8842028974995172
2.637125651041667,0.9162452536221048
2.6422119140625004,0.857832833417045
2.6472981770833335,0.9010012195166139
2.652384440104167,0.906738957414936
2.6574707031250004,0.9413176937876808
2.6625569661458335,0.8726210052471639
2.667643229166667,0.888353747672252
2.6727294921875004,0.879016895319378
2.6778157552083335,0.946703623523796
2.682902018229167,0.9367714733902798
2.6879882812500004,0.9245621952641605
2.6930745442708335,0.8778702217787284
2.698160807291667,0.9060739608831534
2.7032470703125004,0.8888220207476085
2.7083333333333335,0.8421294994548187
2.713419596354167,0.9095228311471224
2.7185058593750004,0.9527132900107903
2.7235921223958335,0.9053500194054056
2.728678385416667,0.9494008464433272
2.7337646484375004,0.8615282567457381
2.7388509114583335,0.9535568876552367
2.743937174479167,0.7949857466945207
2.7490234375000004,0.9582806703206452
2.7541097005208335,0.9403798043854278
2.759195963541667,0.8260501286475397
2.7642822265625004,0.9147510848392895
2.7693684895833335,0.8864027099555603
2.774454752604167,0.9287081823168314
2.7795410156250004,0.9192927984104795
2.7846272786458335,0.8607245622021922
2.789713541666667,0.8765024319076591
2.7947998046875004,0.9044487898195038
2.7998860677083335,0.9063767157458654
2.804972330729167,0.8740094294580967
2.8100585937500004,0.8842537009164367
2.8151448567708335,0.903836873980294
2.820231119791667,0.9530985528863003
2.8253173828125004,0.8933494910237074
2.8304036458333335,0.9326001506629527
2.835489908854167,0.8527971895785093
2.8405761718750004,0.9016284837225779
2.8456624348958335,0.9009330644442244
2.850748697916667,0.9165141963282284
2.8558349609375004,0.9643641832338328
2.8609212239583335,0.8488458889800411
2.866007486979167,0.8415467565788229
2.8710937500000004,0.9080518106264721
2.8761800130208335,0.9300155142794744
2.881266276041667,0.8928817489397622
2.8863525390625004,0.91809807964252
2.8914388020833335,0.8747524846803402
2.896525065104167,0.9480582237069748
2.9016113281250004,0.9289972292201185
2.9066975911458335,0.9145438023243307
2.911783854166667,0.8807137738264552
2.9168701171875004,0.9113409555553277
2.9219563802083335,0.863841001601253
2.927042643229167,0.8612400210707732
2.9321289062500004,0.8094132716303034
2.9372151692708335,0.8939844698932253
2.942301432291667,0.9302956150498948
2.9473876953125004,0.9417036159887395
2.9524739583333335,0.9188805976904444
2.957560221354167,0.8445028419046685
2.9626464843750004,0.7568124171592197
2.9677327473958335,0.5757603405897144
2.972819010416667,0.5151555605345165
2.9779052734375004,0.3463424373172891
2.9829915364583335,0.35506284748399874
2.988077799479167,0.3125726007522073
2.9931640625000004,0.42397340196609085
2.9982503255208335,0.5429427737811313
3.003336588541667,0.6006951133806379
3.0084228515625004,0.8115918461827133
3.0135091145833335,0.8587095898761504
3.018595377604167,0.9308767442979706
3.0236816406250004,0.8479226401611304
3.0287679036458335,0.7465845456776448
3.033854166666667,0.678141678248305
3.0389404296875004,0.5474601596113298
3.0440266927083335,0.5427421609213392
3.049112955729167,0.42378704522375743
3.0541992187500004,0.41601068251210394
3.0592854817708335,0.41226171202618994
3.064371744791667,0.5328533295914764
3.0694580078125004,0.49493971489352934
3.0745442708333335,0.5094996133159188
3.079630533854167,0.5434049567651966
3.0847167968750004,0.5053535102246873
3.0898030598958335,0.5319808041759774
3.094889322916667,0.49151531355223427
3.0999755859375004,0.514468947481486
3.1050618489583335,0.4956984620582985
3.110148111979167,0.5385122514397838
3.1152343750000004,0.5223581114946524
3.1203206380208335,0.5324440486556251
3.125406901041667,0.512425020202622
3.1304931640625004,0.49911826609607496
3.1355794270833335,0.5299712703179623
3.140665690104167,0.44392389517209074
3.1457519531250004,0.489151397102342
3.1508382161458335,0.5982354373616925
3.155924479166667,0.5562038161685926
3.1610107421875004,0.503895144422358
3.1660970052083335,0.47357602673934
3.171183268229167,0.46936126427165203
3.1762695312500004,0.5187405706118817
3.1813557942708335,0.4959510075632389
3.186442057291667,0.5181223859231109
3.1915283203125004,0.591558994860128
3.1966145833333335,0.6160080234876877
3.201700846354167,0.7102418951045004
3.2067871093750004,0.6877801038297596
3.2118733723958335,0.6675039503217042
3.216959635416667,0.7439515604849267
3.2220458984375004,0.7140903947044928
3.2271321614583335,0.6718444742108122
3.232218424479167,0.7253412811034163
3.2373046875000004,0.7002936707939837
3.2423909505208335,0.7508916466319024
3.247477213541667,0.6612362285529462
3.2525634765625004,0.5561081499401077
3.2576497395833335,0.4949946257409094
3.262736002604167,0.38843543178021755
3.2678222656250004,0.5053517014432511
3.2729085286458335,0.49172420024462765
3.277994791666667,0.6136320553648368
3.2830810546875004,0.6783938126070359
3.2881673177083335,0.7257192847339551
3.293253580729167,0.7800860615554253
3.2983398437500004,0.8619742905078207
3.3034261067708335,0.8839346684223415
3.308512369791667,0.9240091418661243
3.3135986328125004,0.8602287998524322
3.3186848958333335,0.8551267894732244
3.323771158854167,0.864434730662396
3.3288574218750004,0.8709494125819903
3.3339436848958335,0.8456304854096829
3.339029947916667,0.8911194798123137
3.3441162109375004,0.8316169818677837
3.3492024739583335,0.8386762343662637
3.354288736979167,0.8004390648144929
3.3593750000000004,0.8556533530866113
3.3644612630208335,0.8319919084396068
3.369547526041667,0.8421033726848013
3.3746337890625004,0.8486752395777639
3.3797200520833335,0.9167442099378734
3.384806315104167,0.8327694671798991
3.3898925781250004,0.8553206792313162
3.3949788411458335,0.8636776972574227
3.400065104166667,0.8108057694515414
3.4051513671875004,0.9134085753808094
3.4102376302083335,0.9077168753513305
3.415323893229167,0.8916353298060653
3.4204101562500004,0.879190119639659
3.4254964192708335,0.8968102076108198
3.430582682291667,0.8766831221978306
3.4356689453125004,0.8329256348814451
3.4407552083333335,0.8654849277493772
3.445841471354167,0.8817343762471053
3.4509277343750004,0.8768563392260085
3.4560139973958335,0.8190578330652007
3.461100260416667,0.851624098893812
3.4661865234375004,0.8687773548575966
3.4712727864583335,0.866711434813349
3.476359049479167,0.8722417487799151
3.4814453125000004,0.8732238492061781
3.4865315755208335,0.8933191848787461
3.491617838541667,0.8746682111550337
3.4967041015625004,0.8053003491117847
3.5017903645833335,0.8586044023217262
3.506876627604167,0.8986099175531405
3.5119628906250004,0.8230923576826539
3.5170491536458335,0.8379393204776812
3.522135416666667,0.8983455265442739
3.5272216796875004,0.8235874566268324
3.5323079427083335,0.8854098843449367
3.537394205729167,0.9308804030389214
3.5424804687500004,0.9461352538179038
3.5475667317708335,0.9666891900581936
3.552652994791667,0.9417381101087041
3.5577392578125004,0.7916190708062107
3.5628255208333335,0.8656576390260149
3.567911783854167,0.8572340172580175
3.5729980468750004,0.8375524627343878
3.5780843098958335,0.9178040257096545
3.583170572916667,0.8558226982572174
3.5882568359375004,0.845961755087726
3.5933430989583335,0.8736653056880547
3.598429361979167,0.8630572350191962
3.6035156250000004,0.9825103496001798
3.6086018880208335,0.8569235789697136
3.613688151041667,0.8745288120600114
3.6187744140625004,0.8967998137094605
3.6238606770833335,0.8692173735994013
3.628946940104167,0.8074447760146253
3.6340332031250004,0.9795845983139664
3.6391194661458335,0.8606535421317325
3.644205729166667,0.8563735973389774
3.6492919921875004,0.8321157967151056
3.6543782552083335,0.8687446265982159
3.659464518229167,0.8391117122837385
3.6645507812500004,0.8717367679876886
3.6696370442708335,0.8873098851897033
3.674723307291667,0.9249367240795876
3.6798095703125004,0.8598506434665847
3.6848958333333335,0.8755332596477818
3.689982096354167,0.8685948275891238
3.6950683593750004,0.9274230804401324
3.7001546223958335,0.8195038952103748
3.705240885416667,0.8693176830097236
3.7103271484375004,0.8196171748048384
3.7154134114583335,0.863046479167253
3.720499674479167,0.9344061276799962
3.7255859375000004,0.8429894244243635
3.7306722005208335,0.7622749836423948
3.735758463541667,0.8987620672332312
3.7408447265625004,0.7937159747245297
3.7459309895833335,0.8876864305092693
3.751017252604167,0.8038469305068479
3.7561035156250004,0.9348807611275146
3.7611897786458335,0.8600748896952415
3.766276041666667,0.8553228384028264
3.7713623046875004,0.8739306236157343
3.7764485677083335,0.8802098708079682
3.781534830729167,0.8736716984472099
3.7866210937500004,0.9058982517932544
3.7917073567708335,0.8890111613294215
3.796793619791667,0.8528674678124446
3.8018798828125004,0.8991457830615308
3.8069661458333335,0.8540574645519243
3.812052408854167,0.8348442088561818
3.8171386718750004,0.8360976640463487
3.8222249348958335,0.8796386113316704
3.827311197916667,0.9082849890292654
3.8323974609375004,0.8643409509612057
3.8374837239583335,0.924668291343278
3.842569986979167,0.8677019995301729
3.8476562500000004,0.9229585683715356
3.8527425130208335,0.7954190053365013
3.857828776041667,0.8260960436557282
3.8629150390625004,0.8434984886318984
3.8680013020833335,0.8411980758594545
3.873087565104167,0.894364381844026
3.8781738281250004,0.8650531166888209
3.8832600911458335,0.8901906828049094
3.888346354166667,0.870462903463747
3.8934326171875004,0.8447644174576774
3.8985188802083335,0.8500263154615035
3.903605143229167,0.848327457339149
3.9086914062500004,0.8555768834283779
3.9137776692708335,0.8284268478133098
3.918863932291667,0.864461939172467
3.9239501953125004,0.9383330298965091
3.9290364583333335,0.802891945922135
3.934122721354167,0.8145827862152677
3.9392089843750004,0.8741979458185687
3.9442952473958335,0.8377646498983202
3.949381510416667,0.8681264414264462
3.9544677734375004,0.8542088094918787
3.9595540364583335,0.8324674880779743
3.964640299479167,0.8184352810541091
3.9697265625000004,0.8438012323539885
3.9748128255208335,0.8962638252155771
3.979899088541667,0.8581301556282483
3.9849853515625004,0.8708374236292089
3.9900716145833335,0.8651106781962893
3.995157877604167,0.8955597088483591
4.000244140625,0.7583730343407304
4.005330403645833,0.8428878943235274
4.010416666666667,0.8543033409139222
4.0155029296875,0.8683840506881645
4.020589192708333,0.8412511191775329
4.025675455729167,0.8051222958770701
4.03076171875,0.8561036611789086
4.035847981770833,0.903239124841444
4.040934244791667,0.854382216521012
4.0460205078125,0.8848195882830032
4.051106770833333,0.835644471978244
4.056193033854167,0.8353913521224111
4.061279296875,0.8767990025677936
4.066365559895833,0.7637932925163132
4.071451822916667,0.8909643652136139
4.0765380859375,0.9031363646411628
4.081624348958333,0.8377697572686083
4.086710611979167,0.8513343444378256
4.091796875,0.8172742127875827
4.096883138020833,0.8480808419479048
4.101969401041667,0.7679191481456389
4.1070556640625,0.873375195139198
4.112141927083333,0.8258165440578327
4.117228190104167,0.8293740241250268
4.122314453125,0.8909792234247045
4.127400716145833,0.8278441339351237
4.132486979166667,0.7934481731145451
4.1375732421875,0.826088670038948
4.142659505208333,0.7825980317460103
4.147745768229167,0.8567488093410989
4.15283203125,0.8754348546858551
4.157918294270833,0.761911093744545
4.163004557291667,0.7308453513135483
4.1680908203125,0.6214047653801337
4.173177083333333,0.5719441383517687
4.178263346354167,0.4733742558917058
4.183349609375,0.39163597838139264
4.188435872395833,0.38367683090748067
4.193522135416667,0.4823983273898242
4.1986083984375,0.5345266366614154
4.203694661458333,0.703829570983132
4.208780924479167,0.7274749282507122
4.2138671875,0.8689445598033629
4.218953450520833,0.7552388767415162
4.224039713541667,0.7861021041967124
4.2291259765625,0.8302921920754222
4.234212239583333,0.7294015648420978
4.239298502604167,0.7584132021254891
4.244384765625,0.79392145737132
4.249471028645833,0.8103451804149219
4.254557291666667,0.7918177440871368
4.2596435546875,0.6674296582647508
4.264729817708333,0.5487391055164534
4.269816080729167,0.49375714357762124
4.27490234375,0.4428433849257124
4.279988606770833,0.41048268262367965
4.285074869791667,0.48311705530907334
4.2901611328125,0.4343730615272741
4.295247395833333,0.5099003426244108
4.300333658854167,0.5790304620391808
4.305419921875,0.6432270676839442
4.310506184895833,0.6254271045957756
4.315592447916667,0.5606937244339834
4.3206787109375,0.41023964677670194
4.325764973958333,0.49857032562601816
4.330851236979167,0.5057325147179189
4.3359375,0.4818862070550412
4.341023763020833,0.5055684262339274
4.346110026041667,0.5344902400185478
4.3511962890625,0.4687136741697282
4.356282552083333,0.526656502510993
4.361368815104167,0.4708633148456708
4.366455078125,0.5078840375114173
4.371541341145833,0.518225122744659
4.376627604166667,0.5097589948432936
4.3817138671875,0.47755799582519454
4.386800130208333,0.5136147299435972
4.391886393229167,0.4906421179504385
4.39697265625,0.5714167617972744
4.402058919270833,0.49546359107890503
4.407145182291667,0.5477045163728724
4.4122314453125,0.4905868559543941
4.417317708333333,0.5206966569462903
4.422403971354167,0.4958337977845326
4.427490234375,0.4910151175924752
4.432576497395833,0.5031220381882576
4.437662760416667,0.5597569869424869
4.4427490234375,0.473285140312977
4.447835286458333,0.5783942415351744
4.452921549479167,0.5342238178485941
4.4580078125,0.6376211421882934
4.463094075520833,0.5447611221888342
4.468180338541667,0.5896746465998549
4.4732666015625,0.6832450271041735
4.478352864583333,0.723805419971185
4.483439127604167,0.7768849117728986
4.488525390625,0.645734443646041
4.493611653645833,0.7311091814978248
4.498697916666667,0.6763247440554689
4.5037841796875,0.7806050252713467
4.508870442708333,0.7269048191312464
4.513956705729167,0.7461926450628182
4.51904296875,0.7510553115258883
4.524129231770833,0.8056514828418777
4.529215494791667,0.8195573272715313
4.5343017578125,0.8171581891347142
4.539388020833333,0.7971515979366296
4.544474283854167,0.8110911981612053
4.549560546875,0.8361113194051406
4.554646809895833,0.697259881456118
4.559733072916667,0.6990428826518162
4.5648193359375,0.6081250361458945
4.569905598958333,0.5912762855086231
4.574991861979167,0.4229940269531297
4.580078125,0.5210081953934775
4.585164388020833,0.49729967609349446
4.590250651041667,0.5895003295586854
4.5953369140625,0.7182289764855654
4.600423177083333,0.7621007992570925
4.605509440104167,0.7401898873181618
4.610595703125,0.8764355893255118
4.615681966145833,0.8667256820234059
4.620768229166667,0.777495631629938
4.6258544921875,0.8623741533721576
4.630940755208333,0.846081658178312
4.636027018229167,0.8693109206120744
4.64111328125,0.73489198156639
4.646199544270833,0.8667651263907595
4.651285807291667,0.7755084899754813
4.6563720703125,0.7942524185489817
4.661458333333333,0.8275856218392976
4.666544596354167,0.8749854302612796
4.671630859375,0.855989910103798
4.676717122395833,0.7462482961967557
4.681803385416667,0.9189580335864618
4.6868896484375,0.8003523304902849
4.691975911458333,0.8655180840335817
4.697062174479167,0.8807996605453401
4.7021484375,0.8605619199018281
4.707234700520833,0.8611625125128729
4.712320963541667,0.8627970119793289
4.7174072265625,0.8114151871867771
4.722493489583333,0.8750901401085732
4.727579752604167,0.8094033628290382
4.732666015625,0.8836502878402219
4.737752278645833,0.8677156406511394
4.742838541666667,0.9213281804317272
4.7479248046875,0.8184823773562341
4.753011067708333,0.7527340717523674
4.758097330729167,0.7237780309497143
4.76318359375,0.8321574917112411
4.768269856770833,0.8193811674414324
4.773356119791667,0.776092372919502
4.7784423828125,0.7881542543739513
4.783528645833333,0.8543766044324599
4.788614908854167,0.8602597353318067
4.793701171875,0.7548700630206848
4.798787434895833,0.9043013639827916
4.803873697916667,0.8783026769450734
4.8089599609375,0.7750344622678577
4.814046223958333,0.7422685836185035
4.819132486979167,0.8321441988782213
4.82421875,0.935817807476953
4.829305013020833,0.8317842278391674
4.834391276041667,0.8659153063923611
4.8394775390625,0.8079596405176994
4.844563802083333,0.9002999667572326
4.849650065104167,0.7809719731066098
4.854736328125,0.7847724040585559
4.859822591145833,0.7781527945923233
4.864908854166667,0.7994630735289736
4.8699951171875,0.8672387872519229
4.875081380208333,0.855467466546262
4.880167643229167,0.812464450947199
4.88525390625,0.8420623725876069
4.890340169270833,0.8452967128945834
4.895426432291667,0.8854233107543911
4.9005126953125,0.8450857969041574
4.905598958333333,0.8667749930091095
4.910685221354167,0.9301520990901984
4.915771484375,0.8293143814567596
4.920857747395833,0.8427260095349431
4.925944010416667,0.9073688157641813
4.9310302734375,0.824452962123404
4.936116536458333,0.8572908926565715
4.941202799479167,0.9166905450163072
4.9462890625,0.7911468080301842
4.951375325520833,0.8078843047234359
4.956461588541667,0.8409223546341027
4.9615478515625,0.8067592086362749
4.966634114583333,0.910682181018318
4.971720377604167,0.8297359343285526
4.976806640625,0.857648166434407
4.981892903645833,0.8571622423417906
4.986979166666667,0.8530480148526254
4.9920654296875,0.8449652245965836
4.997151692708333,0.8608118322268468
5.002237955729167,0.811180506367269
5.00732421875,0.9005788920636106
5.012410481770833,0.8552062543265233
5.017496744791667,0.8314943107883872
5.0225830078125,0.8247488157893548
5.027669270833333,0.7383331703358748
5.032755533854167,0.8721530416282273
5.037841796875,0.7894533543833793
5.042928059895833,0.8200017221503331
5.048014322916667,0.8850073961965512
5.0531005859375,0.8829991551166091
5.058186848958333,0.7964344332517073
5.063273111979167,0.8275420570366074
5.068359375,0.8220698387076657
5.073445638020833,0.8550033133180992
5.078531901041667,0.8414284253647385
5.0836181640625,0.8664596757236593
5.088704427083333,0.831082846119704
5.093790690104167,0.7948295348199241
5.098876953125,0.8055270339377872
5.103963216145833,0.8922618858186367
5.109049479166667,0.8689355266050898
5.1141357421875,0.8098610585609995
5.119222005208333,0.8697992578645402
5.124308268229167,0.8098151460589926
5.12939453125,0.7950681446265486
5.134480794270833,0.8698826542628687
5.139567057291667,0.890777772339594
5.1446533203125,0.7975865117294305
5.149739583333333,0.8720908895569557
5.154825846354167,0.8691311592336624
5.159912109375,0.8930426510700855
5.164998372395833,0.86619347742546
5.170084635416667,0.8888172878472094
5.1751708984375,0.7576506106618606
5.180257161458333,0.9588251666476648
5.185343424479167,0.8298330562574057
5.1904296875,0.8486205119974225
5.195515950520833,0.8228457744716442
5.200602213541667,0.8639624557797603
5.2056884765625,0.8878586906119883
5.210774739583333,0.8413044767904301
5.215861002604167,0.8173404028465954
5.220947265625,0.8887738194871515
5.226033528645833,0.8482504900295593
5.231119791666667,0.9076945886386965
5.2362060546875,0.843763478928437
5.241292317708333,0.8394575304816309
5.246378580729167,0.7960710887009029
5.25146484375,0.8738819629449497
5.256551106770833,0.8663813209868771
5.261637369791667,0.9027223096504867
5.2667236328125,0.8527569847340921
5.271809895833333,0.8272978036441807
5.276896158854167,0.8585080519726476
5.281982421875,0.7696269070013074
5.287068684895833,0.822984890371223
5.292154947916667,0.8599320643357187
5.2972412109375,0.8598450193811145
5.302327473958333,0.7909143177281144
5.307413736979167,0.8460553527268089
5.3125,0.7987367771117192
5.317586263020833,0.8101392018039428
5.322672526041667,0.8830925449544215
5.3277587890625,0.8495630327205173
5.332845052083333,0.7827532103102455
5.337931315104167,0.8428796623434889
5.343017578125,0.8000253040000538
5.348103841145833,0.8497504487786619
5.353190104166667,0.8270857819923915
5.3582763671875,0.7774410534071174
5.363362630208333,0.7716650099925741
5.368448893229167,0.73011507514144
5.37353515625,0.6892510107842581
5.378621419270833,0.5413792446113501
5.383707682291667,0.5093341787038099
5.3887939453125,0.5077433053382356
5.393880208333333,0.4725771253607821
5.398966471354167,0.5295406390132775
5.404052734375,0.690175261760628
5.409138997395833,0.7093353305625397
5.414225260416667,0.7225512809807987
5.4193115234375,0.7977003570270177
5.424397786458333,0.8374139371925585
5.429484049479167,0.7842497901010679
5.4345703125,0.8408638043810461
5.439656575520833,0.7388827996875874
5.444742838541667,0.6971197802118331
5.4498291015625,0.7574808746218541
5.454915364583333,0.805994802935884
5.460001627604167,0.8486820948940496
5.465087890625,0.7402978150728419
5.470174153645833,0.7321230679393794
5.475260416666667,0.8385612854775225
5.4803466796875,0.7900401764303332
5.485432942708333,0.7493064670304401
5.490519205729167,0.7539996917891443
5.49560546875,0.6273835956221827
5.500691731770833,0.5859274497254556
5.505777994791667,0.4706544215675147
5.5108642578125,0.48556143397123436
5.515950520833333,0.494525076994269
5.521036783854167,0.4911181517214176
5.526123046875,0.5728873686972831
5.531209309895833,0.5959570854450345
5.536295572916667,0.7089468251607698
5.5413818359375,0.7922108043814116
5.546468098958333,0.7608614344613405
5.551554361979167,0.7080634637088871
5.556640625,0.5570953434746047
5.561726888020833,0.5052892746849694
5.566813151041667,0.4693644467633736
5.5718994140625,0.4651835142902582
5.576985677083333,0.5405469616479981
5.582071940104167,0.5135533460232692
5.587158203125,0.38687835980940305
5.592244466145833,0.5810816755995084
5.597330729166667,0.5149969421077225
5.6024169921875,0.4643843845236442
5.607503255208333,0.5844996112557175
5.612589518229167,0.5102741928184308
5.61767578125,0.5430463212229437
5.622762044270833,0.39848823167357955
5.627848307291667,0.5623469357107578
5.6329345703125,0.5270351412771337
5.638020833333333,0.5067518945801486
5.643107096354167,0.4736766064750014
5.648193359375,0.46513617979585337
5.653279622395833,0.5017295237508879
5.658365885416667,0.5092816151893708
5.6634521484375,0.5155784274215202
5.668538411458333,0.5558342564765223
5.673624674479167,0.5433759402799881
5.6787109375,0.5020450828438758
5.683797200520833,0.47550476177406126
5.688883463541667,0.531365818753881
5.6939697265625,0.5784776247321975
5.699055989583333,0.5216008772617138
5.704142252604167,0.5832333502403456
5.709228515625,0.5138481057383102
5.714314778645833,0.6121396913044983
5.719401041666667,0.5049250189161058
5.7244873046875,0.4827002795275485
5.729573567708333,0.4811689157262816
5.734659830729167,0.5696254880929912
5.73974609375,0.6028022896083511
5.744832356770833,0.6133833770067592
5.749918619791667,0.611947295100279
5.7550048828125,0.7131040122302947
5.760091145833333,0.7163927161211693
5.765177408854167,0.6969727710200563
5.770263671875,0.696800012167436
5.775349934895833,0.7490306289030847
5.780436197916667,0.6946173073829207
5.7855224609375,0.7803608460380682
5.790608723958333,0.726558910765003
5.795694986979167,0.7601332965288925
5.80078125,0.6670289305401813
5.805867513020833,0.7340256965336395
5.810953776041667,0.7288734466096362
5.8160400390625,0.6654316469727375
5.821126302083333,0.7432066982058287
5.826212565104167,0.7514570104052155
5.831298828125,0.8042945213208839
5.836385091145833,0.7735050228310438
5.841471354166667,0.773297171425092
5.8465576171875,0.7867894292908328
5.851643880208333,0.7926008005307363
5.856730143229167,0.8172851860756201
5.86181640625,0.8242441667211979
5.866902669270833,0.7706102034233661
5.871988932291667,0.6590718952039043
5.8770751953125,0.5969315545854089
5.882161458333333,0.6089508072779267
5.887247721354167,0.5306750251359426
5.892333984375,0.44640183868091066
5.897420247395833,0.549048804989819
5.902506510416667,0.543267689659517
5.9075927734375,0.6432665498333356
5.912679036458333,0.7043036463284376
5.917765299479167,0.7017960917473336
5.9228515625,0.7826465000839324
5.927937825520833,0.7799816857269634
5.933024088541667,0.7375113461725408
5.9381103515625,0.7771047034239735
5.943196614583333,0.783654389450962
5.948282877604167,0.7305666016283485
5.953369140625,0.7839462361651361
5.958455403645833,0.7938017711431941
5.963541666666667,0.8428486412992997
5.9686279296875,0.8227260154570704
5.973714192708333,0.7984687380358538
5.978800455729167,0.734771649318872
5.98388671875,0.7833223432038404
5.988972981770833,0.802795412994574
5.994059244791667,0.7049550787891444
5.9991455078125,0.7701298650122984
6.004231770833333,0.7919216363262903
6.009318033854167,0.8233070860303537
6.014404296875,0.7407528617442032
6.019490559895833,0.7311733652350986
6.024576822916667,0.8387148475027086
6.0296630859375,0.8669380048998718
6.034749348958333,0.7816873270414892
6.039835611979167,0.8087402447185505
6.044921875,0.7977267300617639
6.050008138020833,0.7885398720411345
6.055094401041667,0.7988910117515897
6.0601806640625,0.8348095762901376
6.065266927083333,0.7792240518664828
6.070353190104167,0.8461357933642364
6.075439453125,0.7833178992950054
6.080525716145833,0.860238567003003
6.085611979166667,0.8444707110446878
6.0906982421875,0.8594140839762205
6.095784505208333,0.7353235781034495
6.100870768229167,0.794880623708962
6.10595703125,0.8193037020453091
6.111043294270833,0.8047991474198614
6.116129557291667,0.8344508744697412
6.1212158203125,0.8453287942453789
6.126302083333333,0.7883964017743185
6.131388346354167,0.8199638018147404
6.136474609375,0.8194805692514907
6.141560872395833,0.7957648890617277
6.146647135416667,0.7056988680401687
6.1517333984375,0.7714347159035502
6.156819661458333,0.7505708999860066
6.161905924479167,0.7988902767816656
6.1669921875,0.797884885315097
6.172078450520833,0.8112503803804347
6.177164713541667,0.8365425058841534
6.1822509765625,0.8516652999473031
6.187337239583333,0.7851045683073447
6.192423502604167,0.8409621417567547
6.197509765625,0.7680462622124093
6.202596028645833,0.8523743805569639
6.207682291666667,0.729045298998929
6.2127685546875,0.7792785789053359
6.217854817708333,0.7405425698360798
6.222941080729167,0.7960067507423582
6.22802734375,0.7941005341795221
6.233113606770833,0.8117981925884306
6.238199869791667,0.7287157942872141
6.2432861328125,0.7737614880277012
6.248372395833333,0.7247820000653856
6.253458658854167,0.8024170588908672
6.258544921875,0.7829470769730387
6.263631184895833,0.8006255133104523
6.268717447916667,0.763930547335933
6.2738037109375,0.8442713210461396
6.278889973958333,0.7372521536349901
6.283976236979167,0.8199292769851741
6.2890625,0.8082485438808324
6.294148763020833,0.7901271013228184
6.299235026041667,0.8059057639243172
6.3043212890625,0.7318760680547693
6.309407552083333,0.8014422414209517
6.314493815104167,0.7822172174830306
6.319580078125,0.7488326621640488
6.324666341145833,0.7165666488397296
6.329752604166667,0.8143460357103212
6.3348388671875,0.8103080721190492
6.339925130208333,0.8084791266706726
6.345011393229167,0.7508069807948577
6.35009765625,0.7776221896512773
6.355183919270833,0.7317462382306865
6.360270182291667,0.771327665094405
6.3653564453125,0.7903344947424069
6.370442708333333,0.7872487563993111
6.375528971354167,0.7660894759166674
6.380615234375,0.7767235031343942
6.385701497395833,0.7967718268556271
6.390787760416667,0.7798556338637197
6.3958740234375,0.8075138936350539
6.400960286458333,0.8119984425275484
6.406046549479167,0.7633057955617608
6.4111328125,0.8270037401807127
6.416219075520833,0.8121859892197176
6.421305338541667,0.8600915215686408
6.4263916015625,0.7145949484606318
6.431477864583333,0.8728246020160497
6.436564127604167,0.7540694244096574
6.441650390625,0.7843503934617677
6.446736653645833,0.8279685671628549
6.451822916666667,0.7785570860821722
6.4569091796875,0.7295246035246159
6.461995442708333,0.80820023963435
6.467081705729167,0.7376981337729631
6.47216796875,0.8328586431630147
6.477254231770833,0.7987894438020613
6.482340494791667,0.7628407828542326
6.4874267578125,0.7853041463971782
6.492513020833333,0.8234535649810933
6.497599283854167,0.7998661028579015
6.502685546875,0.77449358800525
6.507771809895833,0.7698339622723218
6.512858072916667,0.816774549318465
6.5179443359375,0.8776695755661897
6.523030598958333,0.7668655591322027
6.528116861979167,0.7766714879017955
6.533203125,0.7405581159364977
6.538289388020833,0.7120252957139489
6.543375651041667,0.7162799450142876
6.5484619140625,0.815073313274709
6.553548177083333,0.8117535943147172
6.558634440104167,0.7199923840276896
6.563720703125,0.8034347238306504
6.568806966145833,0.708672346687895
6.573893229166667,0.628563964142188
6.5789794921875,0.6286479225666902
6.584065755208333,0.5038742924136626
6.589152018229167,0.6117502371239999
6.59423828125,0.6169067251699978
6.599324544270833,0.6042502324114648
6.604410807291667,0.6291179605405262
6.6094970703125,0.7465715775246795
6.614583333333333,0.7091567033023417
6.619669596354167,0.821862738981127
6.624755859375,0.8679890209203753
6.629842122395833,0.8118159260154704
6.634928385416667,0.7975181696409217
6.6400146484375,0.7337881411200857
6.645100911458333,0.7521999693900256
6.650187174479167,0.7832928190092332
6.6552734375,0.7825644504748972
6.660359700520833,0.7940691001625713
6.665445963541667,0.832132455060788
6.6705322265625,0.8116242476279474
6.675618489583333,0.7367201616185464
6.680704752604167,0.7806635173668591
6.685791015625,0.6687015771676017
6.690877278645833,0.7860194171901405
6.695963541666667,0.7907059656512003
6.7010498046875,0.759521518797308
6.706136067708333,0.8434207798699331
6.711222330729167,0.815640039943615
6.71630859375,0.7420492370909644
6.721394856770833,0.6901319643542141
6.726481119791667,0.5709143699144563
6.7315673828125,0.48648285532616475
6.736653645833333,0.48782453024464706
6.741739908854167,0.46720007295950394
6.746826171875,0.4583256299196421
6.751912434895833,0.5407328780975555
6.756998697916667,0.618582951215729
6.7620849609375,0.6383377117816734
6.767171223958333,0.7329689414454703
6.772257486979167,0.6708342876829225
6.77734375,0.7589025402737707
6.782430013020833,0.7601890911924141
6.787516276041667,0.7092680969683736
6.7926025390625,0.5845589548156879
6.797688802083333,0.5357889868380031
6.802775065104167,0.6121921712812075
6.807861328125,0.5096908114684723
6.812947591145833,0.5484153485307416
6.818033854166667,0.489602545543489
6.8231201171875,0.5009186900744
6.828206380208333,0.45958468216419646
6.833292643229167,0.5133308053162958
6.83837890625,0.45650796100338203
6.843465169270833,0.549210315188495
6.848551432291667,0.4863846756502521
6.8536376953125,0.539518774963154
6.858723958333333,0.49833360063710985
6.863810221354167,0.5010899990177689
6.868896484375,0.45894042233533394
6.873982747395833,0.506482348144398
6.879069010416667,0.5296089358705689
6.8841552734375,0.5157312719841229
6.889241536458333,0.5743014198282682
6.894327799479167,0.5299320667112569
6.8994140625,0.5412469129953092
6.904500325520833,0.5756124993182136
6.909586588541667,0.516372739533921
6.9146728515625,0.5563236313192227
6.919759114583333,0.5985078483726465
6.924845377604167,0.5822672332347347
6.929931640625,0.5602537215644448
6.935017903645833,0.5274330646669914
6.940104166666667,0.5061661961411693
6.9451904296875,0.566703647577624
6.950276692708333,0.5681143409317673
6.955362955729167,0.5744664661634626
6.96044921875,0.5754442192472475
6.965535481770833,0.5342337648855602
6.970621744791667,0.5639840457110753
6.9757080078125,0.513506077564589
6.980794270833333,0.534760746032761
6.985880533854167,0.508354990853872
6.990966796875,0.564334789150652
6.996053059895833,0.48843103344680044
7.001139322916667,0.6097852110932257
7.0062255859375,0.5506339476538537
7.011311848958333,0.46405782399030093
7.016398111979167,0.6264185256064698
7.021484375,0.6247093491234763
7.026570638020833,0.6852612506731217
7.031656901041667,0.6864295539071055
7.0367431640625,0.7958006164488725
7.041829427083333,0.818530776798244
7.046915690104167,0.6808344452441009
7.052001953125,0.7240552092156564
7.057088216145833,0.7349068074174769
7.062174479166667,0.6848695482649703
7.0672607421875,0.6598783538264974
7.072347005208333,0.7895856360254485
7.077433268229167,0.6961801792707435
7.08251953125,0.7176053654189318
7.087605794270833,0.7151338252064428
7.092692057291667,0.704061857626473
7.0977783203125,0.7161196705734895
7.102864583333333,0.7202121726267527
7.107950846354167,0.6481992891543394
7.113037109375,0.6642536816054264
7.118123372395833,0.7712531403644248
7.123209635416667,0.7649388497921591
7.1282958984375,0.7066499733814677
7.133382161458333,0.767932579006938
7.138468424479167,0.7186996216509293
7.1435546875,0.717513411137571
7.148640950520833,0.7274804856375783
7.153727213541667,0.7026628608620216
7.1588134765625,0.834910116840047
7.163899739583333,0.7591370704229963
7.168986002604167,0.7850050559483897
7.174072265625,0.7309586405051262
7.179158528645833,0.7027393722342778
7.184244791666667,0.6812790569447479
7.1893310546875,0.620296133309387
7.194417317708333,0.613039867416254
7.199503580729167,0.525925479205596
7.20458984375,0.5204146696126206
7.209676106770833,0.5297401792371347
7.214762369791667,0.5599599608287644
7.2198486328125,0.6453236287970056
7.224934895833333,0.7644647293690772
7.230021158854167,0.7200285197454606
7.235107421875,0.7221497445540546
7.240193684895833,0.7009753047091906
7.245279947916667,0.803344088274975
7.2503662109375,0.7831343508110751
7.255452473958333,0.8100269080146143
7.260538736979167,0.7842271188427076
7.265625,0.7359447351446726
7.270711263020833,0.8118393501759574
7.275797526041667,0.77111386772818
7.2808837890625,0.8435431447701811
7.285970052083333,0.7470541441672075
7.291056315104167,0.7903158435944734
7.296142578125,0.7799453079745975
7.301228841145833,0.7713431316681258
7.306315104166667,0.7849599241775702
7.3114013671875,0.8087683602172872
7.316487630208333,0.7561729268885846
7.321573893229167,0.7569472300285652
7.32666015625,0.7853661960950207
7.331746419270833,0.7809118826170243
7.336832682291667,0.7907385394154309
7.3419189453125,0.7067018169263801
7.347005208333333,0.7411082916813506
7.352091471354167,0.7582212837166993
7.357177734375,0.7896936841535966
7.362263997395833,0.8479705055784491
7.367350260416667,0.8119720408108412
7.3724365234375,0.7912765529981791
7.377522786458333,0.7925330216535817
7.382609049479167,0.7769322772707711
7.3876953125,0.7607071520640567
7.392781575520833,0.8564836378411551
7.397867838541667,0.727370795720568
7.4029541015625,0.7581301177161925
7.408040364583333,0.7380644713886015
7.413126627604167,0.8504481252431842
7.418212890625,0.8532286137229876
7.423299153645833,0.763613535762916
7.428385416666667,0.7644971782327911
7.4334716796875,0.8043529604593648
7.438557942708333,0.7892191955185359
7.443644205729167,0.8533855243640306
7.44873046875,0.7880449700315266
7.453816731770833,0.7891853352403756
7.458902994791667,0.7283391420101124
7.4639892578125,0.7805878989864776
7.469075520833333,0.8357704968291774
7.474161783854167,0.7864429518447108
7.479248046875,0.7944600702284336
7.484334309895833,0.7995209630705217
7.489420572916667,0.7309749614075177
7.4945068359375,0.7972788385636983
7.499593098958333,0.7886283827314778
7.504679361979167,0.703391721508842
7.509765625,0.7589734403966213
7.514851888020833,0.72914363400985
7.519938151041667,0.8097492442977265
7.5250244140625,0.7783059671367341
7.530110677083333,0.7865877886068852
7.535196940104167,0.7340596732481426
7.540283203125,0.7510854385392117
7.545369466145833,0.7622319671581421
7.550455729166667,0.7748225603357243
7.5555419921875,0.7356489083631871
7.560628255208333,0.7617022690845665
7.565714518229167,0.8538062167692829
7.57080078125,0.7436892922079261
7.575887044270833,0.7204376993690284
7.580973307291667,0.7640941829935008
7.5860595703125,0.7437207465783001
7.591145833333333,0.7702368728284172
7.596232096354167,0.7760662270178025
7.601318359375,0.743603015324976
7.606404622395833,0.7957182815213222
7.611490885416667,0.7608994438059771
7.6165771484375,0.8016264553411936
7.621663411458333,0.7247312143764015
7.626749674479167,0.7575590926336913
7.6318359375,0.7609837500017217
7.636922200520833,0.7620255008237684
7.642008463541667,0.7784649464560678
7.6470947265625,0.7515646062567433
7.652180989583333,0.7410464902067238
7.657267252604167,0.8105158552094819
7.662353515625,0.7832196315657938
7.667439778645833,0.8308628375383545
7.672526041666667,0.6722376002905227
7.6776123046875,0.7124275740326386
7.682698567708333,0.7400614987716188
7.687784830729167,0.7103493392419128
7.69287109375,0.7107261677826736
7.697957356770833,0.7819480062743591
7.703043619791667,0.7411317010390164
7.7081298828125,0.7479418986648346
7.713216145833333,0.8103144349458716
7.718302408854167,0.7398086013766725
7.723388671875,0.7717065264290583
7.728474934895833,0.7592147592908773
7.733561197916667,0.735240795088119
7.7386474609375,0.8274712219304508
7.743733723958333,0.7965199154993956
7.748819986979167,0.7780492493512419
7.75390625,0.7167559723911229
7.758992513020833,0.7763467997768689
7.764078776041667,0.699498392478839
7.7691650390625,0.7869085591801839
7.774251302083333,0.7447883331431461
7.779337565104167,0.7339077851854094
7.784423828125,0.714275732796039
7.789510091145833,0.6532311791470562
7.794596354166667,0.68840250636933
7.7996826171875,0.6698944154780624
7.804768880208333,0.6860630547740891
7.809855143229167,0.7539716955495395
7.81494140625,0.7627086502945406
7.820027669270833,0.7989235821553067
7.825113932291667,0.7774416768788881
7.8302001953125,0.7800635849857127
7.835286458333333,0.8037003117671895
7.840372721354167,0.8401247862668416
7.845458984375,0.7828839503320075
7.850545247395833,0.7800055241810913
7.855631510416667,0.7574252115076758
7.8607177734375,0.7526455561447878
7.865804036458333,0.8330635567804836
7.870890299479167,0.7646493603380359
7.8759765625,0.7509800968367664
7.881062825520833,0.709685479198077
7.886149088541667,0.7030287961686417
7.8912353515625,0.7014151652211204
7.896321614583333,0.7502981468288299
7.901407877604167,0.7811233813068676
7.906494140625,0.7819805443696253
7.911580403645833,0.7643798416427856
7.916666666666667,0.7314417893680831
7.9217529296875,0.7185805153761248
7.926839192708333,0.7817249829866596
7.931925455729167,0.7861339744764727
7.93701171875,0.8050606903867552
7.942097981770833,0.7188182026545407
7.947184244791667,0.6556561357320297
7.9522705078125,0.5752978966700084
7.957356770833333,0.5981669013357912
7.962443033854167,0.5571651022586704
7.967529296875,0.5312161051190131
7.972615559895833,0.5489138056170789
7.977701822916667,0.49002196381670443
7.9827880859375,0.5776596321587322
7.987874348958333,0.5716292563142105
7.992960611979167,0.6732767404073808
7.998046875,0.7591413562919804
8.003133138020834,0.7151253737248775
8.008219401041668,0.755417104513607
8.013305664062502,0.6699886467261122
8.018391927083334,0.7531642674729491
8.023478190104168,0.5953418921820772
8.028564453125002,0.6854009926270361
8.033650716145834,0.739266345954015
8.038736979166668,0.7047827092132726
8.043823242187502,0.6124783922586214
8.048909505208334,0.543780356094947
8.053995768229168,0.49809341437887744
8.059082031250002,0.4640676174171446
8.064168294270834,0.4175063075932095
8.069254557291668,0.5002803518465677
8.074340820312502,0.4472120929113371
8.079427083333334,0.4793260839952834
8.084513346354168,0.5170904223106089
8.089599609375002,0.5081413091757383
8.094685872395834,0.43498214936204516
8.099772135416668,0.5336616587568377
8.104858398437502,0.5904306659250119
8.109944661458334,0.5246275407224392
8.115030924479168,0.5064757914649961
8.120117187500002,0.43468742233527097
8.125203450520834,0.44428237174230306
8.130289713541668,0.48046689174653495
8.135375976562502,0.5643604744349093
8.140462239583334,0.5245450330201558
8.145548502604168,0.5996740179849757
8.150634765625002,0.5099056904016379
8.155721028645834,0.46404073484994784
8.160807291666668,0.4292503568380155
8.165893554687502,0.5294753797632034
8.170979817708334,0.5765310374693778
8.176066080729168,0.5218670729409818
8.181152343750002,0.574123824767554
8.186238606770834,0.5495096805910945
8.191324869791668,0.5615865887073606
8.196411132812502,0.5658485686231456
8.201497395833334,0.5239402553214723
8.206583658854168,0.5139183380314686
8.211669921875002,0.49032345682730527
8.216756184895834,0.5300031370709477
8.221842447916668,0.5958820884161224
8.226928710937502,0.5954968011308284
8.232014973958334,0.6054732721374172
8.237101236979168,0.6024630614189358
8.242187500000002,0.6029198650420425
8.247273763020834,0.5353402492298164
8.252360026041668,0.5485202633377887
8.257446289062502,0.5745869758769147
8.262532552083334,0.526119995848261
8.267618815104168,0.4901320776902322
8.272705078125002,0.567428841888786
8.277791341145834,0.5105473246430144
8.282877604166668,0.5403563167138511
8.287963867187502,0.5133340072973431
8.293050130208334,0.5832331742148289
8.298136393229168,0.6143548312291437
8.303222656250002,0.6217064007463767
8.308308919270834,0.6985229819926245
8.313395182291668,0.7093702528143122
8.318481445312502,0.7164917124086673
8.323567708333334,0.6836724330013519
8.328653971354168,0.6820268644582939
8.333740234375002,0.6819818893382914
8.338826497395834,0.7438287849847641
8.343912760416668,0.6772619757895533
8.348999023437502,0.6230196676077515
8.354085286458334,0.6859976470044521
8.359171549479168,0.7785237188152376
8.364257812500002,0.6792132194285472
8.369344075520834,0.6907087611528914
8.374430338541668,0.647578145936708
8.379516601562502,0.689673744325447
8.384602864583334,0.704866036671269
8.389689127604168,0.6644068808008279
8.394775390625002,0.7218523343424064
8.399861653645834,0.7085191849494888
8.404947916666668,0.7386940916410597
8.410034179687502,0.6467344831154203
8.415120442708334,0.6830809600366199
8.420206705729168,0.6839644933034164
8.425292968750002,0.7480789009641943
8.430379231770834,0.7875863189373331
8.435465494791668,0.779964367604135
8.440551757812502,0.708507322580173
8.445638020833334,0.7607845579461283
8.450724283854168,0.683903244979718
8.455810546875002,0.691485121947095
8.460896809895834,0.712481393050582
8.465983072916668,0.7428763369322453
8.471069335937502,0.714355176607523
8.476155598958334,0.731445248109815
8.481241861979168,0.7338509554491236
8.486328125000002,0.7470424933769273
8.491414388020834,0.7832089784996772
8.496500651041668,0.6834973774465394
8.501586914062502,0.7280477803977821
8.506673177083334,0.5465516336435444
8.511759440104168,0.5434602911986844
8.516845703125002,0.5195895125925896
8.521931966145834,0.48836520839942504
8.527018229166668,0.5415525770241492
8.532104492187502,0.617588357877251
8.537190755208334,0.5755976385670573
8.542277018229168,0.6721133324280224
8.547363281250002,0.6595101404286271
8.552449544270834,0.7322416854225712
8.557535807291668,0.6751252230691465
8.562622070312502,0.7621432415568425
8.567708333333334,0.7083502922904202
8.572794596354168,0.8010638357160682
8.577880859375002,0.827129583606244
8.582967122395834,0.8026605306156493
8.588053385416668,0.7679444021785735
8.593139648437502,0.6796406028004062
8.598225911458334,0.8296462622349419
8.603312174479168,0.6621614401446299
8.608398437500002,0.7818111605557012
8.613484700520834,0.6306970636249822
8.618570963541668,0.706332475048295
8.623657226562502,0.6789516156406044
8.628743489583334,0.7369025140332184
8.633829752604168,0.7499639930911874
8.638916015625002,0.6870420252212501
8.644002278645834,0.7145251198861343
8.649088541666668,0.7810535958418404
8.654174804687502,0.7113403412810622
8.659261067708334,0.7401084218270513
8.664347330729168,0.733675157435562
8.669433593750002,0.7271336246323239
8.674519856770834,0.7057354699819142
8.679606119791668,0.7195282996653192
8.684692382812502,0.7460184939957275
8.689778645833334,0.6685114653605781
8.694864908854168,0.686777141123466
8.699951171875002,0.765814106929988
8.705037434895834,0.7179377629374463
8.710123697916668,0.7260703799568395
8.715209960937502,0.735931657193103
8.720296223958334,0.6515487922060104
8.725382486979168,0.7799160718851947
8.730468750000002,0.7325631271207235
8.735555013020834,0.6875369374409356
8.740641276041668,0.7600175782040813
8.745727539062502,0.7199906999138557
8.750813802083334,0.7555594623507096
8.755900065104168,0.7732704625860782
8.760986328125002,0.7484411014457992
8.766072591145834,0.7362723909020676
8.771158854166668,0.7195110605165449
8.776245117187502,0.7716788660189762
8.781331380208334,0.6887875055926549
8.786417643229168,0.7373191543334755
8.791503906250002,0.669995136917235
8.796590169270834,0.7524581672605749
8.801676432291668,0.7718089639463888
8.806762695312502,0.699895288555344
8.811848958333334,0.7457853478099086
8.816935221354168,0.667220382321889
8.822021484375002,0.6955479445934644
8.827107747395834,0.7398594530947008
8.832194010416668,0.7067358277511574
8.837280273437502,0.7351347158730617
8.842366536458334,0.7508869968876912
8.847452799479168,0.7209050693206377
8.852539062500002,0.7292007331309971
8.857625325520834,0.696011591665212
8.862711588541668,0.6984352420191553
8.867797851562502,0.690135446601192
8.872884114583334,0.7764530655391033
8.877970377604168,0.7578518173847262
8.883056640625002,0.7100508661067976
8.888142903645834,0.7675787393003393
8.893229166666668,0.699118416597311
8.898315429687502,0.6866292613826206
8.903401692708334,0.8001485605480687
8.908487955729168,0.8305072511843294
8.913574218750002,0.7264930473954652
8.918660481770834,0.7222437198371668
8.923746744791668,0.7756343612099734
8.928833007812502,0.7084031189156828
8.933919270833334,0.7093191180495684
8.939005533854168,0.7483827530755638
8.944091796875002,0.6838166176824803
8.949178059895834,0.757308412273535
8.954264322916668,0.6289667659515503
8.959350585937502,0.6962379833944157
8.964436848958334,0.7663618005327282
8.969523111979168,0.7512341034548591
8.974609375000002,0.6610603925328951
8.979695638020834,0.6761096595049002
8.984781901041668,0.7193209133088367
8.989868164062502,0.6888886918967255
8.994954427083334,0.7347854042534107
9.000040690104168,0.7717041526590127
9.005126953125002,0.7140249500727669
9.010213216145834,0.6188648559470495
9.015299479166668,0.6752141265705984
9.020385742187502,0.6958788568296106
9.025472005208334,0.7199073570862827
9.030558268229168,0.7549610213910412
9.035644531250002,0.7198196265750842
9.040730794270834,0.7185520735804363
9.045817057291668,0.7158407700569164
9.050903320312502,0.7320236928041827
9.055989583333334,0.8081165129475056
9.061075846354168,0.7212451524205636
9.066162109375002,0.7266613603517084
9.071248372395834,0.7314805292762392
9.076334635416668,0.7058284094595481
9.081420898437502,0.8181634968980133
9.086507161458334,0.7360023420264341
9.091593424479168,0.6885206755583708
9.096679687500002,0.7457524405716118
9.101765950520834,0.6830722005532988
9.106852213541668,0.7463218600321461
9.111938476562502,0.7680254512734073
9.117024739583334,0.7405580186118896
9.122111002604168,0.7288767710601117
9.127197265625002,0.7130724758961995
9.132283528645834,0.7393803572428144
9.137369791666668,0.6861826646361322
9.142456054687502,0.6400338829905863
9.147542317708334,0.6644068465131134
9.152628580729168,0.6579714714948437
9.157714843750002,0.6798556437909034
9.162801106770834,0.6395464848262673
9.167887369791668,0.6951808736742524
9.172973632812502,0.6853209454426167
9.178059895833334,0.566042753940544
9.183146158854168,0.5408593705148059
9.188232421875002,0.6353663955146718
9.193318684895834,0.5045516191163779
9.198404947916668,0.5451528552690517
9.203491210937502,0.5028252078060813
9.208577473958334,0.5258078918107383
9.213663736979168,0.5976518128936193
9.218750000000002,0.6317289317516688
9.223836263020834,0.6769993995735272
9.228922526041668,0.6565935531586218
9.234008789062502,0.6369423520515501
9.239095052083334,0.7086423991793553
9.244181315104168,0.6676645971833972
9.249267578125002,0.6396199421905591
9.254353841145834,0.6481535030285765
9.259440104166668,0.686143281983792
9.264526367187502,0.6483828737374768
9.269612630208334,0.6209663649043622
9.274698893229168,0.6184604938990861
9.279785156250002,0.5904445844632207
9.284871419270834,0.5787245707879372
9.289957682291668,0.5512806840892596
9.295043945312502,0.5365695817536213
9.300130208333334,0.42703798869098686
9.305216471354168,0.43362175806584186
9.310302734375002,0.4122739480758039
9.315388997395834,0.44958478095041066
9.320475260416668,0.43043327184695407
9.325561523437502,0.5268595071981089
9.330647786458334,0.5196271489111477
9.335734049479168,0.48308419692876153
9.340820312500002,0.49312526183183253
9.345906575520834,0.4779380985709666
9.350992838541668,0.4296526068631462
9.356079101562502,0.40885022756646494
9.361165364583334,0.49113727527637413
9.366251627604168,0.4613169683898117
9.371337890625002,0.4650655765951497
9.376424153645834,0.5493982897828683
9.381510416666668,0.5531303298262426
9.386596679687502,0.5531986528944793
9.391682942708334,0.617324844569144
9.396769205729168,0.5281245091781414
9.401855468750002,0.5447222475217143
9.406941731770834,0.48650011879328076
9.412027994791668,0.5711537580587137
9.417114257812502,0.5331392814893235
9.422200520833334,0.5425476469557688
9.427286783854168,0.5175987926902637
9.432373046875002,0.6034693800326381
9.437459309895834,0.5497989214500503
9.442545572916668,0.581600933901266
9.447631835937502,0.6098116285940934
9.452718098958334,0.48609613888806824
9.457804361979168,0.5869272291134268
9.462890625000002,0.544817748898541
9.467976888020834,0.5042291496876425
9.473063151041668,0.48873198570310444
9.478149414062502,0.5634956346782146
9.483235677083334,0.5738794357365163
9.488321940104168,0.5376367829397638
9.493408203125002,0.6092130218802511
9.498494466145834,0.560582964757972
9.503580729166668,0.5378049538920195
9.508666992187502,0.5174430260977607
9.513753255208334,0.6007563661173813
9.518839518229168,0.5472976072743101
9.523925781250002,0.5658180803597264
9.529012044270834,0.5798659923413334
9.534098307291668,0.5124331419195364
9.539184570312502,0.5258561293737731
9.544270833333334,0.4607329786643879
9.549357096354168,0.5460056285745608
9.554443359375002,0.5272667807566463
9.559529622395834,0.6369904151397154
9.564615885416668,0.5600364755695448
9.569702148437502,0.6129745047655483
9.574788411458334,0.5508969647394066
9.579874674479168,0.6220302997336916
9.584960937500002,0.6718446378996952
9.590047200520834,0.7033757756813823
9.595133463541668,0.6621861720098801
9.600219726562502,0.6730795355218248
9.605305989583334,0.6697747082701894
9.610392252604168,0.6633206493559523
9.615478515625002,0.6492308868061715
9.620564778645834,0.7357412940606995
9.625651041666668,0.6630492292550159
9.630737304687502,0.6632493509390004
9.635823567708334,0.6559823806854544
9.640909830729168,0.6606222292188272
9.645996093750002,0.575296275304011
9.651082356770834,0.5768721202571634
9.656168619791668,0.6879282638071065
9.661254882812502,0.5729134694320854
9.666341145833334,0.6710354610160829
9.671427408854168,0.6411377353876972
9.676513671875002,0.6558874972877805
9.681599934895834,0.657591663620039
9.686686197916668,0.6884430837967513
9.691772460937502,0.673977359900805
9.696858723958334,0.659022050174136
9.701944986979168,0.6434157890752514
9.707031250000002,0.6962437594320907
9.712117513020834,0.6482855591806627
9.717203776041668,0.6956258865013312
9.722290039062502,0.6475515138746587
9.727376302083334,0.6106489330550655
9.732462565104168,0.7395815236971119
9.737548828125002,0.6817352869696518
9.742635091145834,0.731690591626499
9.747721354166668,0.7108687464483103
9.752807617187502,0.6605089264349323
9.757893880208334,0.6960780454258568
9.762980143229168,0.663777601757914
9.768066406250002,0.6250129747915184
9.773152669270834,0.7206468382650623
9.778238932291668,0.7158169255572822
9.783325195312502,0.7335150267471412
9.788411458333334,0.7135338890054538
9.793497721354168,0.7011884794078824
9.798583984375002,0.7255933812950872
9.803670247395834,0.6423538510359733
9.808756510416668,0.6996783560406379
9.813842773437502,0.6941001283530752
9.818929036458334,0.6459106171118252
9.824015299479168,0.607436344596856
9.829101562500002,0.5549818681044935
9.834187825520834,0.5212282857789968
9.839274088541668,0.6078416778835237
9.844360351562502,0.6018907217897793
9.849446614583334,0.6561485414366868
9.854532877604168,0.6752280847266221
9.859619140625002,0.6781962859168371
9.864705403645834,0.6975775163897202
9.869791666666668,0.6786080780038702
9.874877929687502,0.6829152022266816
9.879964192708334,0.7428829019020373
9.885050455729168,0.7449704164069696
9.890136718750002,0.715346991193827
9.895222981770834,0.7465497305743384
9.900309244791668,0.7143432923035724
9.905395507812502,0.725436723158208
9.910481770833334,0.7236915340998135
9.915568033854168,0.7477078807483095
9.920654296875002,0.6898778850916895
9.925740559895834,0.7333980241969181
9.930826822916668,0.7119376527007771
9.935913085937502,0.7344261048832987
9.940999348958334,0.6717245378342304
9.946085611979168,0.7314034549490763
9.951171875000002,0.7280197750967448
9.956258138020834,0.8375844265518938
9.961344401041668,0.6919262097074106
9.966430664062502,0.7121525755757525
9.971516927083334,0.7559294565723602
9.976603190104168,0.7271213256115996
9.981689453125002,0.6594465825175031
9.986775716145834,0.6881939463249178
9.991861979166668,0.7456422218774945
9.996948242187502,0.6451444850551555
10.002034505208334,0.7132069725938441
10.007120768229168,0.7767134408397174
10.012207031250002,0.6988976092453895
10.017293294270834,0.7457399323474968
10.022379557291668,0.6938449974255435
10.027465820312502,0.7238486467344201
10.032552083333334,0.728217015900727
10.037638346354168,0.7282058615699236
10.042724609375002,0.7197712489535516
10.047810872395834,0.7068322859537628
10.052897135416668,0.7243506136168426
10.057983398437502,0.7420274962616644
10.063069661458334,0.7307647777571025
10.068155924479168,0.7761745770156561
10.073242187500002,0.7014618910041558
10.078328450520834,0.6824351248874335
10.083414713541668,0.7201890172116806
10.088500976562502,0.7050449556024296
10.093587239583334,0.7385381362140815
10.098673502604168,0.706974540119719
10.103759765625002,0.6525140902366197
10.108846028645834,0.7240038460085707
10.113932291666668,0.7503659445819302
10.119018554687502,0.6500470343791166
10.124104817708334,0.7148206400945234
10.129191080729168,0.6635727851684283
10.134277343750002,0.6776695082715034
10.139363606770834,0.6722181935692626
10.144449869791668,0.77323007379794
10.149536132812502,0.7613379191649408
10.154622395833334,0.7173909435988264
10.159708658854168,0.6713853743855818
10.164794921875002,0.6793640678728354
10.169881184895834,0.770551950557736
10.174967447916668,0.6964736122406463
10.180053710937502,0.7648661184041814
10.185139973958334,0.7299489198535395
10.190226236979168,0.7437206107468817
10.195312500000002,0.7127731783486525
10.200398763020834,0.7157394208771268
10.205485026041668,0.7001767414837968
10.210571289062502,0.7054392856625482
10.215657552083334,0.7748167534482895
10.220743815104168,0.7325413325227345
10.225830078125002,0.7309989304197156
10.230916341145834,0.7641008628342496
10.236002604166668,0.7379305646515129
10.241088867187502,0.7438503715206423
10.246175130208334,0.7326918799736108
10.251261393229168,0.6976266645319308
10.256347656250002,0.7711138677281797
10.261433919270834,0.7001110259571266
10.266520182291668,0.7483930825989911
10.271606445312502,0.7614698062460303
10.276692708333334,0.6378557648388022
10.281778971354168,0.6480295677631838
10.286865234375002,0.6898902569977787
10.291951497395834,0.6681075891223118
10.297037760416668,0.6847442221158064
10.302124023437502,0.6671812463839499
10.307210286458334,0.7269101994009599
10.312296549479168,0.7371336562158771
10.317382812500002,0.7277451985906626
10.322469075520834,0.7623947991738
10.327555338541668,0.7128134249118412
10.332641601562502,0.7041852305699139
10.337727864583334,0.6850160590057812
10.342814127604168,0.7154684256152652
10.347900390625002,0.7034946509066775
10.352986653645834,0.6989744101838978
10.358072916666668,0.7291910187839754
10.363159179687502,0.760746495240443
10.368245442708334,0.7377971960382433
10.373331705729168,0.7169401122821624
10.378417968750002,0.7630508803325085
10.383504231770834,0.7222368211179142
10.388590494791668,0.7563309868809456
10.393676757812502,0.7106948153142465
10.398763020833334,0.7945262426208257
10.403849283854168,0.7023326608810623
10.408935546875002,0.6576430618533433
10.414021809895834,0.6054283753910302
10.419108072916668,0.6192214619138509
10.424194335937502,0.5726509669105944
10.429280598958334,0.5565592753072395
10.434366861979168,0.5735791134455418
10.439453125000002,0.5670306315859187
10.444539388020834,0.5503313036098824
10.449625651041668,0.6409001368200212
10.454711914062502,0.6827604214179207
10.459798177083334,0.6704863765170049
10.464884440104168,0.7074935359743358
10.469970703125002,0.6620455436758055
10.475056966145834,0.742473575451243
10.480143229166668,0.6508317356081013
10.485229492187502,0.6743544547527662
10.490315755208334,0.6977230326173943
10.495402018229168,0.6183919313208578
10.500488281250002,0.7138392623970489
10.505574544270834,0.6378781373814959
10.510660807291668,0.7013601292312018
10.515747070312502,0.6303885404186799
10.520833333333334,0.5589869565754837
10.525919596354168,0.638075089138586
10.531005859375002,0.604551330899897
10.536092122395834,0.5934996312025701
10.541178385416668,0.4440424848945132
10.546264648437502,0.46808551399252574
10.551350911458334,0.5490435296526848
10.556437174479168,0.5182294191791634
10.561523437500002,0.43833121195053115
10.566609700520834,0.4320932324384794
10.571695963541668,0.5396330880410111
10.576782226562502,0.4537629671779458
10.581868489583334,0.49643061665935234
10.586954752604168,0.5542553909708127
10.592041015625002,0.4942679574332019
10.597127278645834,0.3736917332746795
10.602213541666668,0.4874507872456024
10.607299804687502,0.5159871588123405
10.612386067708334,0.493803104360708
10.617472330729168,0.4787305525678678
10.622558593750002,0.4414687481678923
10.627644856770834,0.4594472893138576
10.632731119791668,0.4970497865462873
10.637817382812502,0.5655475425807042
10.642903645833334,0.532976338342341
10.647989908854168,0.6152141082263067
10.653076171875002,0.5639656871040866
10.658162434895834,0.5505796693518773
10.663248697916668,0.5688469875303015
10.668334960937502,0.5616855702220378
10.673421223958334,0.5016572738687958
10.678507486979168,0.5847239468167056
10.683593750000002,0.5135425057906736
10.688680013020834,0.5345224124751052
10.693766276041668,0.5954824755574146
10.698852539062502,0.6165648238617761
10.703938802083334,0.6062573905487278
10.709025065104168,0.5806018040490588
10.714111328125002,0.524256101854543
10.719197591145834,0.5174722028382571
10.724283854166668,0.6804227529286611
10.729370117187502,0.48018039732115697
10.734456380208334,0.5629820656584315
10.739542643229168,0.5860361212135856
10.744628906250002,0.5716189384759087
10.749715169270834,0.5637725248386346
10.754801432291668,0.5644624779915952
10.759887695312502,0.6236084761749602
10.764973958333334,0.5883739751494619
10.770060221354168,0.5585858803012685
10.775146484375002,0.5613357493265235
10.780232747395834,0.5068371548289403
10.785319010416668,0.5089202160975244
10.790405273437502,0.5754400953997045
10.795491536458334,0.5780474987224141
10.800577799479168,0.5028162138982587
10.805664062500002,0.5491977220576792
10.810750325520834,0.49721742140847924
10.815836588541668,0.48884749540199385
10.820922851562502,0.4605916851820791
10.826009114583334,0.5407599368670472
10.831095377604168,0.5382334952649297
10.836181640625002,0.5521092603869631
10.841267903645834,0.5007396870501872
10.846354166666668,0.5418358324660986
10.851440429687502,0.6140177227419192
10.856526692708334,0.5586921790283019
10.861612955729168,0.6352440335262962
10.866699218750002,0.66066715349152
10.871785481770834,0.5601279565368746
10.876871744791668,0.6549187362618658
10.881958007812502,0.6686459857088994
10.887044270833334,0.6352510442185826
10.892130533854168,0.6752203934476229
10.897216796875002,0.6419342129966478
10.902303059895834,0.6929962136869058
10.907389322916668,0.6470693424039944
10.912475585937502,0.6957428459617725
10.917561848958334,0.7096919420425436
10.922648111979168,0.7312913293870229
10.927734375000002,0.6454800746021674
10.932820638020834,0.6596145380509771
10.937906901041668,0.6616225707372914
10.942993164062502,0.6220837464448472
10.948079427083334,0.671405206190697
10.953165690104168,0.6255727595704271
10.958251953125002,0.6494978684863958
10.963338216145834,0.651619883910065
10.968424479166668,0.6528586422398892
10.973510742187502,0.6498065210592507
10.978597005208334,0.6243658957652483
10.983683268229168,0.647068024816018
10.988769531250002,0.7191211617917525
10.993855794270834,0.6762440529599416
10.998942057291668,0.6148424944149116
11.004028320312502,0.7205936364232365
11.009114583333334,0.6900434996644311
11.014200846354168,0.6691269718142838
11.019287109375002,0.7655661092028916
11.024373372395834,0.6820783963304302
11.029459635416668,0.6701048962937178
11.034545898437502,0.6650139471175796
11.039632161458334,0.6555394025677735
11.044718424479168,0.7032758999978237
11.049804687500002,0.6457666490508183
11.054890950520834,0.6985702603309886
11.059977213541668,0.7171021809647162
11.065063476562502,0.7369168562340167
11.070149739583334,0.6381529894420402
11.075236002604168,0.7214060505516967
11.080322265625002,0.7794006567390077
11.085408528645834,0.6168798980348692
11.090494791666668,0.6599429228201763
11.095581054687502,0.6724710984864022
11.100667317708334,0.6733558180397392
11.105753580729168,0.6575275215180613
11.110839843750002,0.7088288455017624
11.115926106770834,0.6628255572228552
11.121012369791668,0.674711294964422
11.126098632812502,0.6889650469494157
11.131184895833334,0.6202450425111329
11.136271158854168,0.62573863387759
11.141357421875002,0.5959371900210325
11.146443684895834,0.6120867101204286
11.151529947916668,0.5638734915835362
11.156616210937502,0.5971059157597232
11.161702473958334,0.6142832980716222
11.166788736979168,0.5658441501681347
11.171875000000002,0.6639439946648319
11.176961263020834,0.6939586281578689
11.182047526041668,0.6563200666903108
11.187133789062502,0.6956421139441425
11.192220052083334,0.664911330302123
11.197306315104168,0.6870470751064985
11.202392578125002,0.7497209437623411
11.207478841145834,0.7109497197774421
11.212565104166668,0.6722320091698818
11.217651367187502,0.6657190514463256
11.222737630208334,0.69010200850221
11.227823893229168,0.7251456123142932
11.232910156250002,0.7273366531257442
11.237996419270834,0.6698710269924086
11.243082682291668,0.6631059259659716
11.248168945312502,0.7335638202108499
11.253255208333334,0.7009137480422253
11.258341471354168,0.6847779800443048
11.263427734375002,0.7344656100683259
11.268513997395834,0.7325202438670857
11.273600260416668,0.7600398165999482
11.278686523437502,0.7428818333567466
11.283772786458334,0.7091964104022952
11.288859049479168,0.6071930506410663
11.293945312500002,0.6706435006539868
11.299031575520834,0.636564144050626
11.304117838541668,0.6197543427891503
11.309204101562502,0.7485398883786216
11.314290364583334,0.7259472000226191
11.319376627604168,0.6139750370026518
11.324462890625002,0.6950784434578745
11.329549153645834,0.7349159307132589
11.334635416666668,0.6494750641624186
11.339721679687502,0.6112110953574309
11.344807942708334,0.7059001183276324
11.349894205729168,0.642424457528921
11.354980468750002,0.6616325752786085
11.360066731770834,0.7047863961631624
11.365152994791668,0.6970689501952914
11.370239257812502,0.669402730942814
11.375325520833334,0.7144170273636741
11.380411783854168,0.7175585305531745
11.385498046875002,0.726886104781956
11.390584309895834,0.6997559293946763
11.395670572916668,0.7338560560584968
11.400756835937502,0.6515310502496324
11.405843098958334,0.6962007323062857
11.410929361979168,0.6929665339159259
11.416015625000002,0.6365448441524038
11.421101888020834,0.7084082427971075
11.426188151041668,0.6315743656472184
11.431274414062502,0.7217066195941471
11.436360677083334,0.6864455406565666
11.441446940104168,0.5942670150159404
11.446533203125002,0.6675358195308667
11.451619466145834,0.6847095721616274
11.456705729166668,0.6074362612962433
11.461791992187502,0.672795493356409
11.466878255208334,0.7673606126727769
11.471964518229168,0.702203999581502
11.477050781250002,0.6700873984047332
11.482137044270834,0.7089923689116073
11.487223307291668,0.7287169915639236
11.492309570312502,0.6498293093142331
11.497395833333334,0.6728762498405894
11.502482096354168,0.692857220495955
11.507568359375002,0.6186314708223413
11.512654622395834,0.6446288593864699
11.517740885416668,0.763623890793001
11.522827148437502,0.6703510975218033
11.527913411458334,0.6148416842486062
11.532999674479168,0.6259681698702177
11.538085937500002,0.6885485625987701
11.543172200520834,0.6679639301113617
11.548258463541668,0.7211952481296201
11.553344726562502,0.676821700521177
11.558430989583334,0.6900017325125691
11.563517252604168,0.6177518591167337
11.568603515625002,0.6717957585658441
11.573689778645834,0.6883300769420275
11.578776041666668,0.6489573659438178
11.583862304687502,0.6718567235595291
11.588948567708334,0.7488153037879776
11.594034830729168,0.6826872527589479
11.599121093750002,0.6545984249729073
11.604207356770834,0.6529129826029427
11.609293619791668,0.6709247552945035
11.614379882812502,0.6573471402287616
11.619466145833334,0.7308246098747052
11.624552408854168,0.66620175070588
11.629638671875002,0.681333451516744
11.634724934895834,0.6681389829425223
11.639811197916668,0.6059237202703938
11.644897460937502,0.6116087955899404
11.649983723958334,0.6008858761485658
11.655069986979168,0.6129344380944777
11.660156250000002,0.5612671393494615
11.665242513020834,0.57491203773119
11.670328776041668,0.6162224486718223
11.675415039062502,0.6180096176938059
11.680501302083334,0.6244179057094389
11.685587565104168,0.6516231610487521
11.690673828125002,0.6494360980067148
11.695760091145834,0.6173466323436885
11.700846354166668,0.7026905229621883
11.705932617187502,0.64931573265162
11.711018880208334,0.6183841436921905
11.716105143229168,0.6605596373065272
11.721191406250002,0.6437615279583673
11.726277669270834,0.647998593326939
11.731363932291668,0.6875259144922883
11.736450195312502,0.6966079467466397
11.741536458333334,0.6783163361010547
11.746622721354168,0.694971478842636
11.751708984375002,0.6343212336949426
11.756795247395834,0.638274463608267
11.761881510416668,0.6239439943947818
11.766967773437502,0.6037592560568449
11.772054036458334,0.588085278881933
11.777140299479168,0.5133941211734401
11.782226562500002,0.538457362870993
11.787312825520834,0.510907373338378
11.792399088541668,0.509481007138365
11.797485351562502,0.41603184780341534
11.802571614583334,0.5162875463671398
11.807657877604168,0.48662001341024064
11.812744140625002,0.4955472896262389
11.817830403645834,0.47994887273209175
11.822916666666668,0.49081161115681754
11.828002929687502,0.49013533428568457
11.833089192708334,0.4703018496364537
11.838175455729168,0.38223413950455876
11.843261718750002,0.5103624220226549
11.848347981770834,0.4983850880158006
11.853434244791668,0.49633904217199093
11.858520507812502,0.48732793463106394
11.863606770833334,0.4229489695033164
11.868693033854168,0.42391423754791047
11.873779296875002,0.42293417054756005
11.878865559895834,0.4302512033715038
11.883951822916668,0.5266124611628176
11.889038085937502,0.5733828163921662
11.894124348958334,0.5286891665625914
11.899210611979168,0.5824936293126545
11.904296875000002,0.5773194977876762
11.909383138020834,0.6220274587788683
11.914469401041668,0.5274257580614864
11.919555664062502,0.5672144524858308
11.924641927083334,0.5425135807924454
11.929728190104168,0.5154997116635303
11.934814453125002,0.5617197101672471
11.939900716145834,0.4542624179367457
11.944986979166668,0.5887348533532981
11.950073242187502,0.5419652922756196
11.955159505208334,0.6562992945174315
11.960245768229168,0.6194797597331835
11.965332031250002,0.5868098918266753
11.970418294270834,0.5951462100140773
11.975504557291668,0.5902761170577738
11.980590820312502,0.5709438620680708
11.985677083333334,0.5464028794780047
11.990763346354168,0.5359569890433029
11.995849609375002,0.567230092014802
12.000935872395834,0.5302987347546938
12.006022135416668,0.5744917906806749
12.011108398437502,0.5327809128916344
12.016194661458334,0.5846753963260042
12.021280924479168,0.5390949241047027
12.026367187500002,0.6554883739239673
12.031453450520834,0.5795109310695582
12.036539713541668,0.5879104069006869
12.041625976562502,0.5651423938606259
12.046712239583334,0.5490273804286874
12.051798502604168,0.5678436820294939
12.056884765625002,0.5801348293992308
12.061971028645834,0.5236370913898041
12.067057291666668,0.5219758485231665
12.072143554687502,0.5285763275236989
12.077229817708334,0.5354468717399814
12.082316080729168,0.4756518102903108
12.087402343750002,0.405160263773099
12.092488606770834,0.5138224561598856
12.097574869791668,0.47381727674295737
12.102661132812502,0.4985031997370302
12.107747395833334,0.5058359292356874
12.112833658854168,0.5892991276367202
12.117919921875002,0.5810990312917554
12.123006184895834,0.5722985573689011
12.128092447916668,0.5823311331480243
12.133178710937502,0.5591295437434193
12.138264973958334,0.6156789183368987
12.143351236979168,0.6246301750361535
12.148437500000002,0.6182534764641473
12.153523763020834,0.6040854576959789
12.158610026041668,0.7149676442148541
12.163696289062502,0.6064649169532549
12.168782552083334,0.6535170046338561
12.173868815104168,0.6838182623109447
12.178955078125002,0.6625339323277375
12.184041341145834,0.6634823013133981
12.189127604166668,0.6174529804717956
12.194213867187502,0.6377125236584966
12.199300130208334,0.6586127002757879
12.204386393229168,0.6358659059091181
12.209472656250002,0.6396811622527319
12.214558919270834,0.5847589965728756
12.219645182291668,0.5928654148722253
12.224731445312502,0.6189314670851132
12.229817708333334,0.666965912645364
12.234903971354168,0.6448859934461356
12.239990234375002,0.6392585723507058
12.245076497395834,0.6535182337637717
12.250162760416668,0.6425271830546647
12.255249023437502,0.5814178767057265
12.260335286458334,0.608601305637379
12.265421549479168,0.6715061738659511
12.270507812500002,0.680389394644008
12.275594075520834,0.6599287637107026
12.280680338541668,0.5500143656497115
12.285766601562502,0.6604543611631011
12.290852864583334,0.6732494768492364
12.295939127604168,0.6073708995131317
12.301025390625002,0.6958212485279986
12.306111653645834,0.5871822962058805
12.311197916666668,0.6766524018520694
12.316284179687502,0.6358742387917509
12.321370442708334,0.6724273813182338
12.326456705729168,0.6782249432679877
12.331542968750002,0.65450946789323
12.336629231770834,0.7465257800479903
12.341715494791668,0.6932446568903223
12.346801757812502,0.6642639077340564
12.351888020833334,0.6910116003713838
12.356974283854168,0.6592541534392619
12.362060546875002,0.71703771856071
12.367146809895834,0.6239142431680391
12.372233072916668,0.6925355553872291
12.377319335937502,0.7171003368128388
12.382405598958334,0.7138080708204493
12.387491861979168,0.692975446545723
12.392578125000002,0.6951998137621728
12.397664388020834,0.6349195609601171
12.402750651041668,0.6212702851483634
12.407836914062502,0.5987086017152276
12.412923177083334,0.6597868280625837
12.418009440104168,0.6890753771174357
12.423095703125002,0.6311538340659947
12.428181966145834,0.6636972593883022
12.433268229166668,0.6727163448314166
12.438354492187502,0.6341733994323815
12.443440755208334,0.6356677397304857
12.448527018229168,0.6151817549292474
12.453613281250002,0.584173557290553
12.458699544270834,0.5624526065202771
12.463785807291668,0.556943912045838
12.468872070312502,0.6179894533590088
12.473958333333334,0.5670758934579593
12.479044596354168,0.6301549775862738
12.484130859375002,0.6699914740037742
12.489217122395834,0.6967481353135032
12.494303385416668,0.6831089758543649
12.499389648437502,0.7169913887180939
12.504475911458334,0.6984749634867633
12.509562174479168,0.7131703584237216
12.514648437500002,0.6817670852020761
12.519734700520834,0.697886237246234
12.524820963541668,0.6548809153471317
12.529907226562502,0.6728102763072841
12.534993489583334,0.7282847897866047
12.540079752604168,0.6094169217798595
12.545166015625002,0.7056111986080236
12.550252278645834,0.6472987725508306
12.555338541666668,0.6405803953652697
12.560424804687502,0.595256544952071
12.565511067708334,0.7307415681063999
12.570597330729168,0.6474535882967904
12.575683593750002,0.6216665679565474
12.580769856770834,0.6675652347778089
12.585856119791668,0.6333133710980419
12.590942382812502,0.7007975750178713
12.596028645833334,0.6106305854557987
12.601114908854168,0.5957316577846843
12.606201171875002,0.6676834777214005
12.611287434895834,0.6816649276892223
12.616373697916668,0.6730160907141713
12.621459960937502,0.6710206088722508
12.626546223958334,0.6145063853273357
12.631632486979168,0.6360017173134125
12.636718750000002,0.6211317979669748
12.641805013020834,0.6501227969947211
12.646891276041668,0.6773592839919989
12.651977539062502,0.689921286399974
12.657063802083334,0.6297015656683775
12.662150065104168,0.6815663388596677
12.667236328125002,0.6424713054645272
12.672322591145834,0.6988398246013926
12.677408854166668,0.7409364069057558
12.682495117187502,0.663525296080159
12.687581380208334,0.6326079956292772
12.692667643229168,0.6735972346305465
12.697753906250002,0.6432086282973368
12.702840169270834,0.6752431941279498
12.707926432291668,0.6413220841149724
12.713012695312502,0.6683608750823892
12.718098958333334,0.6675220975773051
12.723185221354168,0.617948169763122
12.728271484375002,0.626275998287163
12.733357747395834,0.7021620224626535
12.738444010416668,0.6724645732103357
12.743530273437502,0.7630534797671139
12.748616536458334,0.6617357349755334
12.753702799479168,0.7137371272759813
12.758789062500002,0.6818278226339823
12.763875325520834,0.6440058040314448
12.768961588541668,0.6307947247290138
12.774047851562502,0.7070278685702137
12.779134114583334,0.7016728296120953
12.784220377604168,0.714771295905896
12.789306640625002,0.6428890617910644
12.794392903645834,0.6911720823085067
12.799479166666668,0.6053570864855202
12.804565429687502,0.6995438285148555
12.809651692708334,0.674363797282271
12.814737955729168,0.7054631392117173
12.819824218750002,0.6290988199096448
12.824910481770834,0.568610311849609
12.829996744791668,0.6245561881892465
12.835083007812502,0.7065240761302605
12.840169270833334,0.6878687410976709
12.845255533854168,0.7205605736103818
12.850341796875002,0.6756166816700124
12.855428059895834,0.7610615957696188
12.860514322916668,0.6881612184440284
12.865600585937502,0.6930942785153269
12.870686848958334,0.599237518566824
12.875773111979168,0.6377077933986595
12.880859375000002,0.6230703318989268
12.885945638020834,0.5818176933848489
12.891031901041668,0.6181901322525439
12.896118164062502,0.6258974459109448
12.901204427083334,0.5502409366161165
12.906290690104168,0.6102413849593882
12.911376953125002,0.6844935691595528
12.916463216145834,0.6430441349338426
12.921549479166668,0.5975811451309895
12.926635742187502,0.6280065622788684
12.931722005208334,0.6947935305096359
12.936808268229168,0.6624823738469567
12.941894531250002,0.6786842126081376
12.946980794270834,0.65242926667215
12.952067057291668,0.6755243881093496
12.957153320312502,0.689713346307371
12.962239583333334,0.6722604220511784
12.967325846354168,0.6702231090151172
12.972412109375002,0.6643105738660885
12.977498372395834,0.6807262234696673
12.982584635416668,0.6533679830442363
12.987670898437502,0.6495248630681033
12.992757161458334,0.6561278143717901
12.997843424479168,0.7365072570051401
13.002929687500002,0.6169693653488328
13.008015950520834,0.6148040271755776
13.013102213541668,0.6282592963713811
13.018188476562502,0.6441161054820183
13.023274739583334,0.49953696851300955
13.028361002604168,0.5622871334565579
13.033447265625002,0.5594918359021879
13.038533528645834,0.5772686868424702
13.043619791666668,0.5231846585914779
13.048706054687502,0.47332740012592556
13.053792317708334,0.5357869742198091
13.058878580729168,0.4856343063730119
13.063964843750002,0.46654117781610227
13.069051106770834,0.5243659182401436
13.074137369791668,0.5499679289425876
13.079223632812502,0.5265884982555493
13.084309895833334,0.49377641960019264
13.089396158854168,0.4248230400785699
13.094482421875002,0.467378902021812
13.099568684895834,0.46004921608761334
13.104654947916668,0.511896841766461
13.109741210937502,0.49645253345780493
13.114827473958334,0.4812532288846445
13.119913736979168,0.479147844467551
13.125000000000002,0.43919982305696825
13.130086263020834,0.4393195154259532
13.135172526041668,0.4866082163521405
13.140258789062502,0.570730628360833
13.145345052083334,0.5962147164987899
13.150431315104168,0.6283062941778667
13.155517578125002,0.6106722139323673
13.160603841145834,0.5775687451720581
13.165690104166668,0.6100249295874269
13.170776367187502,0.525004530166413
13.175862630208334,0.6007304814372014
13.180948893229168,0.548081884683757
13.186035156250002,0.5930515755182272
13.191121419270834,0.5621004146598605
13.196207682291668,0.5335729628907966
13.201293945312502,0.5716209395762408
13.206380208333334,0.5052048594642878
13.211466471354168,0.6009698700009544
13.216552734375002,0.5361881182144774
13.221638997395834,0.6340287904709483
