tau_tdds,signal1,reference1,signal2,reference2,signal1_cts_s,reference1_cts_s,signal2_cts_s,reference2_cts_s,contrast
472.0,8159,7114,8213,6328,241004.30769230766,210136.61538461535,242599.3846153846,186919.3846153846,0.9934250578351395
497.0651041666667,8209,7156,8261,6568,242481.23076923072,211377.23076923075,244017.23076923072,194008.61538461535,0.9937053625469071
522.1302083333334,8180,6957,8325,6485,241624.61538461535,205499.0769230769,245907.69230769228,191556.92307692306,0.9825825825825826
547.1953125,8315,7023,8314,6453,245612.30769230766,207448.61538461535,245582.7692307692,190611.69230769228,1.00012027904739
572.2604166666666,8302,7091,8378,6572,245228.30769230766,209457.23076923075,247473.23076923072,194126.7692307692,0.9909286225829553
597.3255208333334,8353,6989,8163,6542,246734.7692307692,206444.30769230766,241122.4615384615,193240.61538461535,1.0232757564620851
622.390625,8259,7082,8369,6796,243958.15384615381,209191.3846153846,247207.3846153846,200743.3846153846,0.9868562552276258
647.4557291666667,8344,6899,8219,6746,246468.92307692303,203785.84615384613,242776.61538461535,199266.4615384615,1.015208662854362
672.5208333333334,8445,7119,8236,6821,249452.30769230766,210284.30769230766,243278.7692307692,201481.84615384613,1.0253763963088878
697.5859375,8040,7044,8379,6773,237489.23076923075,208068.92307692303,247502.7692307692,200063.99999999997,0.9595417114214106
722.6510416666667,8212,6936,8355,6943,242569.84615384613,204878.7692307692,246793.84615384613,205085.53846153844,0.982884500299222
747.7161458333334,8355,6956,8500,6929,246793.84615384613,205469.53846153844,251076.92307692303,204671.99999999997,0.9829411764705882
772.78125,8221,7059,8193,6799,242835.69230769228,208511.99999999997,242008.61538461535,200831.99999999997,1.003417551568412
797.8463541666667,8180,6964,8236,6968,241624.61538461535,205705.84615384613,243278.7692307692,205823.99999999997,0.9932005828071879
822.9114583333334,8285,7259,8241,6931,244726.15384615381,214419.69230769228,243426.4615384615,204731.0769230769,1.0053391578691906
847.9765625,8287,7132,8259,6965,244785.23076923072,210668.30769230766,243958.15384615381,205735.3846153846,1.0033902409492674
873.0416666666667,8188,6949,8239,6895,241860.92307692303,205262.7692307692,243367.3846153846,203667.69230769228,0.9938099283893677
898.1067708333334,8095,7063,8213,6947,239113.84615384613,208630.15384615381,242599.3846153846,205203.69230769228,0.9856325337878973
923.171875,8211,6890,8248,6758,242540.30769230766,203519.99999999997,243633.23076923072,199620.92307692306,0.9955140640155189
948.2369791666667,8319,7060,8322,6712,245730.4615384615,208541.53846153844,245819.07692307688,198262.15384615381,0.9996395097332372
973.3020833333334,8268,7045,8257,6661,244223.99999999997,208098.4615384615,243899.07692307688,196755.69230769228,1.0013322029792904
998.3671875,8335,7194,8398,6885,246203.07692307688,212499.69230769228,248063.99999999997,203372.30769230766,0.992498213860443
1023.4322916666667,8202,7022,8368,6523,242274.4615384615,207419.0769230769,247177.84615384613,192679.3846153846,0.9801625239005736
1048.4973958333335,8275,6964,8374,6785,244430.7692307692,205705.84615384613,247355.07692307688,200418.4615384615,0.9881776928588488
1073.5625,8252,7009,8262,6712,243751.3846153846,207035.0769230769,244046.7692307692,198262.15384615381,0.9987896393125151
1098.6276041666667,8139,7064,8168,6822,240413.53846153844,208659.69230769228,241270.15384615381,201511.3846153846,0.9964495592556317
1123.6927083333335,8197,6962,8187,6675,242126.7692307692,205646.7692307692,241831.3846153846,197169.23076923075,1.0012214486380848
1148.7578125,8239,7070,8320,6591,243367.3846153846,208836.92307692303,245759.99999999997,194687.99999999997,0.9902644230769231
1173.8229166666667,8247,6970,8197,6716,243603.69230769228,205883.0769230769,242126.7692307692,198380.30769230766,1.0060997926070514
1198.8880208333335,8117,7013,8305,6766,239763.69230769228,207153.23076923075,245316.92307692303,199857.23076923075,0.9773630343166767
1223.953125,8208,6974,8299,6810,242451.69230769228,206001.23076923075,245139.69230769228,201156.92307692306,0.9890348234727075
1249.0182291666667,8147,7169,8311,6809,240649.84615384613,211761.23076923075,245494.15384615381,201127.3846153846,0.9802671158705331
1274.0833333333335,8422,7079,8364,6872,248772.92307692303,209102.7692307692,247059.69230769228,202988.30769230766,1.0069344811095169
1299.1484375,8256,7022,8175,6809,243869.53846153844,207419.0769230769,241476.92307692303,201127.3846153846,1.009908256880734
1324.2135416666667,8264,7144,8288,6758,244105.84615384613,211022.7692307692,244814.7692307692,199620.92307692306,0.997104247104247
1349.2786458333335,8184,7028,8271,6828,241742.7692307692,207596.30769230766,244312.61538461535,201688.61538461535,0.9894813202756619
1374.34375,8148,7010,8260,6900,240679.3846153846,207064.61538461535,243987.69230769228,203815.3846153846,0.9864406779661017
1399.4088541666667,8212,6840,8344,6809,242569.84615384613,202043.0769230769,246468.92307692303,201127.3846153846,0.9841802492809204
1424.4739583333335,8277,6990,8185,6731,244489.84615384613,206473.84615384613,241772.30769230766,198823.3846153846,1.011240073304826
1449.5390625,8257,7028,8369,6924,243899.07692307688,207596.30769230766,247207.3846153846,204524.30769230766,0.9866172780499463
1474.6041666666667,8405,7093,8288,6884,248270.7692307692,209516.30769230766,244814.7692307692,203342.7692307692,1.0141167953667953
1499.6692708333335,8199,7179,8276,6888,242185.84615384613,212056.61538461535,244460.30769230766,203460.92307692306,0.9906959884001934
1524.734375,8231,6989,8235,6905,243131.07692307688,206444.30769230766,243249.23076923072,203963.0769230769,0.9995142683667274
1549.7994791666667,8176,7139,8271,6862,241506.4615384615,210875.0769230769,244312.61538461535,202692.92307692306,0.9885140853584814
1574.8645833333335,8326,7106,8302,6796,245937.23076923072,209900.30769230766,245228.30769230766,200743.3846153846,1.002890869669959
1599.9296875,8098,7054,8320,6924,239202.4615384615,208364.30769230766,245759.99999999997,204524.30769230766,0.9733173076923077
1624.9947916666667,8271,7052,8326,6898,244312.61538461535,208305.23076923075,245937.23076923072,203756.30769230766,0.9933941868844584
1650.0598958333335,8297,7002,8282,6995,245080.61538461535,206828.30769230766,244637.53846153844,206621.53846153844,1.0018111567254286
1675.125,8361,7132,8226,7022,246971.07692307688,210668.30769230766,242983.3846153846,207419.0769230769,1.0164113785557987
1700.1901041666667,8219,7016,8092,6810,242776.61538461535,207241.84615384613,239025.23076923072,201156.92307692306,1.0156945130993573
1725.2552083333335,8384,6958,8310,6773,247650.4615384615,205528.61538461535,245464.61538461535,200063.99999999997,1.0089049338146812
1750.3203125,8209,6989,8335,6866,242481.23076923072,206444.30769230766,246203.07692307688,202811.0769230769,0.984883023395321
1775.3854166666667,8210,6963,8194,6821,242510.7692307692,205676.30769230766,242038.15384615381,201481.84615384613,1.0019526482792287
1800.4505208333335,8243,7095,8216,6868,243485.53846153844,209575.3846153846,242687.99999999997,202870.15384615381,1.003286270691334
1825.515625,8055,7090,8325,6811,237932.30769230766,209427.69230769228,245907.69230769228,201186.4615384615,0.9675675675675676
1850.5807291666667,8259,7095,8232,6617,243958.15384615381,209575.3846153846,243160.61538461535,195455.99999999997,1.0032798833819243
1875.6458333333335,8103,6973,8209,6703,239350.15384615381,205971.69230769228,242481.23076923072,197996.30769230766,0.9870873431599464
1900.7109375,8220,7104,8261,6765,242806.15384615381,209841.23076923075,244017.23076923072,199827.69230769228,0.9950369204696768
1925.7760416666667,8362,6985,8326,6632,247000.61538461535,206326.15384615381,245937.23076923072,195899.0769230769,1.0043238049483545
1950.8411458333335,8293,6972,8054,6688,244962.4615384615,205942.15384615381,237902.7692307692,197553.23076923075,1.0296746958033276
1975.90625,8291,6962,8273,6827,244903.3846153846,205646.7692307692,244371.69230769228,201659.0769230769,1.0021757524477215
2000.9713541666667,8294,7151,8241,6816,244991.99999999997,211229.53846153844,243426.4615384615,201334.15384615381,1.0064312583424342
2026.0364583333335,8381,6931,8109,6844,247561.84615384613,204731.0769230769,239527.3846153846,202161.23076923075,1.0335429769392033
2051.1015625,8154,6862,8223,6839,240856.61538461535,202692.92307692306,242894.7692307692,202013.53846153844,0.9916089018606348
2076.166666666667,8241,7075,8288,6881,243426.4615384615,208984.61538461535,244814.7692307692,203254.15384615381,0.9943291505791506
2101.2317708333335,8042,6896,8290,6777,237548.30769230766,203697.23076923075,244873.84615384613,200182.15384615381,0.9700844390832328
2126.296875,8259,7066,8333,6812,243958.15384615381,208718.7692307692,246143.99999999997,201215.99999999997,0.9911196447857914
2151.361979166667,8069,7098,8326,6706,238345.84615384613,209663.99999999997,245937.23076923072,198084.92307692306,0.9691328368964689
2176.4270833333335,8277,7106,8330,6758,244489.84615384613,209900.30769230766,246055.3846153846,199620.92307692306,0.9936374549819929
2201.4921875,8156,7051,8143,6776,240915.69230769228,208275.69230769228,240531.69230769228,200152.61538461535,1.0015964632199434
2226.557291666667,8339,6842,8390,6775,246321.23076923072,202102.15384615381,247827.69230769228,200123.0769230769,0.9939213349225268
2251.6223958333335,8216,7041,8348,6692,242687.99999999997,207980.30769230766,246587.07692307688,197671.3846153846,0.9841878294202204
2276.6875,8225,7007,8286,6908,242953.84615384613,206975.99999999997,244755.69230769228,204051.69230769228,0.9926381848901762
2301.752604166667,8274,7233,8294,6757,244401.23076923072,213651.69230769228,244991.99999999997,199591.3846153846,0.9975886182782735
2326.8177083333335,8386,7053,8254,6846,247709.53846153844,208334.7692307692,243810.4615384615,202220.30769230766,1.0159922461836686
2351.8828125,8217,7027,8373,6828,242717.53846153844,207566.7692307692,247325.53846153844,201688.61538461535,0.9813686850591186
2376.947916666667,8348,6974,8226,6770,246587.07692307688,206001.23076923075,242983.3846153846,199975.3846153846,1.0148310235837588
2402.0130208333335,8302,6946,8194,6785,245228.30769230766,205174.15384615381,242038.15384615381,200418.4615384615,1.0131803758847937
2427.078125,8193,6942,8179,6922,242008.61538461535,205055.99999999997,241595.07692307688,204465.23076923075,1.0017117006969067
2452.143229166667,8232,6940,8172,6818,243160.61538461535,204996.92307692303,241388.30769230766,201393.23076923075,1.0073421439060206
2477.2083333333335,8199,7024,8217,6929,242185.84615384613,207478.15384615381,242717.53846153844,204671.99999999997,0.9978094194961665
2502.2734375,8249,6963,8329,6912,243662.7692307692,205676.30769230766,246025.84615384613,204169.84615384613,0.9903950054028094
2527.338541666667,8243,6977,8078,6780,243485.53846153844,206089.84615384613,238611.69230769228,200270.7692307692,1.0204258479821737
2552.4036458333335,8224,7171,8230,6945,242924.30769230766,211820.30769230766,243101.53846153844,205144.61538461535,0.9992709599027947
2577.46875,8332,6831,8357,6919,246114.4615384615,201777.23076923075,246852.92307692303,204376.61538461535,0.9970084958717244
2602.533854166667,8379,7037,8226,6785,247502.7692307692,207862.15384615381,242983.3846153846,200418.4615384615,1.0185995623632385
2627.5989583333335,8401,6962,8252,6876,248152.61538461535,205646.7692307692,243751.3846153846,203106.4615384615,1.01805622879302
2652.6640625,8246,7028,8289,6676,243574.15384615381,207596.30769230766,244844.30769230766,197198.7692307692,0.9948124019785257
2677.729166666667,8062,7092,8169,6647,238139.07692307688,209486.7692307692,241299.69230769228,196342.15384615381,0.9869017015546578
2702.7942708333335,8314,7023,8185,6800,245582.7692307692,207448.61538461535,241772.30769230766,200861.53846153844,1.0157605375687233
2727.859375,8268,7008,8095,6735,244223.99999999997,207005.53846153844,239113.84615384613,198941.53846153844,1.021371216800494
2752.924479166667,8199,7003,8259,6634,242185.84615384613,206857.84615384613,243958.15384615381,195958.15384615381,0.9927351979658554
2777.9895833333335,8240,7080,8191,6861,243396.92307692303,209132.30769230766,241949.53846153844,202663.3846153846,1.0059821755585399
2803.0546875,8447,7156,8208,6831,249511.3846153846,211377.23076923075,242451.69230769228,201777.23076923075,1.0291179337231968
2828.119791666667,8203,6969,8310,6765,242303.99999999997,205853.53846153844,245464.61538461535,199827.69230769228,0.9871239470517449
2853.1848958333335,8330,7197,8339,6779,246055.3846153846,212588.30769230766,246321.23076923072,200241.23076923075,0.9989207339009474
2878.25,8185,6993,8193,6897,241772.30769230766,206562.4615384615,242008.61538461535,203726.7692307692,0.9990235566947394
2903.315104166667,8168,7124,8296,6763,241270.15384615381,210431.99999999997,245051.07692307688,199768.61538461535,0.9845708775313404
2928.3802083333335,8169,7191,8301,6815,241299.69230769228,212411.0769230769,245198.7692307692,201304.61538461535,0.9840983014094687
2953.4453125,8359,7004,8320,6804,246911.99999999997,206887.3846153846,245759.99999999997,200979.69230769228,1.0046875
2978.510416666667,8258,7160,8219,6826,243928.61538461535,211495.3846153846,242776.61538461535,201629.53846153844,1.004745102810561
3003.5755208333335,8279,7018,8083,6809,244548.92307692303,207300.92307692303,238759.3846153846,201127.3846153846,1.0242484226153656
3028.640625,8188,7078,8158,6730,241860.92307692303,209073.23076923075,240974.7692307692,198793.84615384613,1.0036773719048786
3053.705729166667,8211,6992,8136,7005,242540.30769230766,206532.92307692303,240324.92307692303,206916.92307692303,1.0092182890855457
3078.7708333333335,8222,7118,8234,6850,242865.23076923072,210254.7692307692,243219.69230769228,202338.4615384615,0.9985426281272771
3103.8359375,8184,7045,8368,6813,241742.7692307692,208098.4615384615,247177.84615384613,201245.53846153844,0.9780114722753346
3128.901041666667,8253,7022,8158,6911,243780.92307692303,207419.0769230769,240974.7692307692,204140.30769230766,1.0116450110321158
3153.9661458333335,8301,6995,8283,6845,245198.7692307692,206621.53846153844,244667.07692307688,202190.7692307692,1.0021731256791018
3179.03125,8339,6995,8289,6940,246321.23076923072,206621.53846153844,244844.30769230766,204996.92307692303,1.0060320907226445
3204.096354166667,8316,7062,8294,6904,245641.84615384613,208600.61538461535,244991.99999999997,203933.53846153844,1.0026525198938991
3229.1614583333335,8236,6993,8091,6786,243278.7692307692,206562.4615384615,238995.69230769228,200447.99999999997,1.017921146953405
3254.2265625,8338,6869,8200,6950,246291.69230769228,202899.69230769228,242215.3846153846,205292.30769230766,1.016829268292683
3279.291666666667,8252,6937,8169,6917,243751.3846153846,204908.30769230766,241299.69230769228,204317.53846153844,1.0101603623454523
3304.3567708333335,8293,7047,8289,6901,244962.4615384615,208157.53846153844,244844.30769230766,203844.92307692306,1.0004825672578115
3329.421875,8200,6874,8268,6711,242215.3846153846,203047.3846153846,244223.99999999997,198232.61538461535,0.9917755200774069
3354.486979166667,8219,7140,8358,6801,242776.61538461535,210904.61538461535,246882.4615384615,200891.0769230769,0.98336922708782
3379.5520833333335,8146,7141,8106,6816,240620.30769230766,210934.15384615381,239438.7692307692,201334.15384615381,1.0049346163335802
3404.6171875,8193,6897,8329,6789,242008.61538461535,203726.7692307692,246025.84615384613,200536.61538461535,0.9836715091847761
3429.682291666667,8380,7187,8254,6787,247532.30769230766,212292.92307692303,243810.4615384615,200477.53846153844,1.0152653259025928
3454.7473958333335,8256,7204,8179,6845,243869.53846153844,212795.0769230769,241595.07692307688,202190.7692307692,1.009414353832987
3479.8125,8211,6983,8164,6662,242540.30769230766,206267.0769230769,241151.99999999997,196785.23076923075,1.0057569818716317
3504.877604166667,8339,7037,8264,6715,246321.23076923072,207862.15384615381,244105.84615384613,198350.7692307692,1.0090755082284608
3529.9427083333335,8135,7080,8112,6868,240295.3846153846,209132.30769230766,239615.99999999997,202870.15384615381,1.002835305719921
3555.0078125,8182,6968,8251,6850,241683.69230769228,205823.99999999997,243721.84615384613,202338.4615384615,0.9916373772876015
3580.072916666667,8217,7038,8395,6839,242717.53846153844,207891.69230769228,247975.3846153846,202013.53846153844,0.9787969029184038
3605.1380208333335,8308,7160,8245,6786,245405.53846153844,211495.3846153846,243544.61538461535,200447.99999999997,1.0076409945421467
3630.203125,8318,7042,8235,6772,245700.92307692303,208009.84615384613,243249.23076923072,200034.4615384615,1.0100789313904068
3655.268229166667,8497,7144,8275,6788,250988.30769230766,211022.7692307692,244430.7692307692,200507.0769230769,1.0268277945619335
3680.3333333333335,8340,7114,8197,6850,246350.7692307692,210136.61538461535,242126.7692307692,202338.4615384615,1.017445406856167
3705.3984375,8079,6913,8465,6803,238641.23076923072,204199.3846153846,250043.07692307688,200950.15384615381,0.9544004725339634
3730.463541666667,8345,6945,8182,6955,246498.4615384615,205144.61538461535,241683.69230769228,205439.99999999997,1.0199217795160107
3755.5286458333335,8257,7012,8128,6920,243899.07692307688,207123.69230769228,240088.61538461535,204406.15384615381,1.015871062992126
3780.59375,8232,7138,8236,6979,243160.61538461535,210845.53846153844,243278.7692307692,206148.92307692303,0.9995143273433705
3805.658854166667,8108,7133,8363,6863,239497.84615384613,210697.84615384613,247030.15384615381,202722.4615384615,0.9695085495635537
3830.7239583333335,8389,6986,8113,6843,247798.15384615381,206355.69230769228,239645.53846153844,202131.69230769228,1.0340194749168001
3855.7890625,8178,7091,8368,6818,241565.53846153844,209457.23076923075,247177.84615384613,201393.23076923075,0.9772944550669216
3880.854166666667,8285,7103,8216,6812,244726.15384615381,209811.69230769228,242687.99999999997,201215.99999999997,1.0083982473222979
3905.9192708333335,8275,7040,8100,6868,244430.7692307692,207950.7692307692,239261.53846153844,202870.15384615381,1.021604938271605
3930.984375,8299,7087,8309,6836,245139.69230769228,209339.0769230769,245435.07692307688,201924.92307692306,0.998796485738356
3956.049479166667,8411,6996,8314,6936,248447.99999999997,206651.0769230769,245582.7692307692,204878.7692307692,1.0116670675968247
3981.1145833333335,8210,7089,8400,6940,242510.7692307692,209398.15384615381,248123.07692307688,204996.92307692303,0.9773809523809524
4006.1796875,8270,7072,8144,6781,244283.07692307688,208895.99999999997,240561.23076923072,200300.30769230766,1.0154715127701375
4031.244791666667,8251,6986,8203,6798,243721.84615384613,206355.69230769228,242303.99999999997,200802.4615384615,1.0058515177374132
4056.3098958333335,8174,6978,8338,6696,241447.3846153846,206119.3846153846,246291.69230769228,197789.53846153844,0.9803310146318062
4081.375,8298,6998,8250,6671,245110.15384615381,206710.15384615381,243692.30769230766,197051.0769230769,1.0058181818181817
4106.440104166667,8108,7119,8020,6790,239497.84615384613,210284.30769230766,236898.4615384615,200566.15384615381,1.0109725685785536
4131.505208333334,8162,7062,8226,6845,241092.92307692303,208600.61538461535,242983.3846153846,202190.7692307692,0.9922197909068806
4156.5703125,8175,7114,8369,6666,241476.92307692303,210136.61538461535,247207.3846153846,196903.3846153846,0.9768192137650854
4181.635416666667,8306,7024,8298,6762,245346.4615384615,207478.15384615381,245110.15384615381,199739.0769230769,1.0009640877319836
4206.700520833334,8268,7173,8324,6811,244223.99999999997,211879.3846153846,245878.15384615381,201186.4615384615,0.9932724651609803
4231.765625,8407,7026,8199,6693,248329.84615384613,207537.23076923075,242185.84615384613,197700.92307692306,1.0253689474326138
4256.830729166667,8285,7085,8172,6778,244726.15384615381,209279.99999999997,241388.30769230766,200211.69230769228,1.0138277043563386
4281.895833333334,8085,6989,8330,6756,238818.4615384615,206444.30769230766,246055.3846153846,199561.84615384613,0.9705882352941176
4306.9609375,8187,7010,8202,6637,241831.3846153846,207064.61538461535,242274.4615384615,196046.7692307692,0.9981711777615215
4332.026041666667,8403,7103,8249,6922,248211.69230769228,209811.69230769228,243662.7692307692,204465.23076923075,1.0186689295672202
4357.091145833334,8167,7069,8298,6911,241240.61538461535,208807.3846153846,245110.15384615381,204140.30769230766,0.9842130633887683
4382.15625,8221,7058,8214,6844,242835.69230769228,208482.4615384615,242628.92307692303,202161.23076923075,1.0008522035549063
4407.221354166667,8078,6845,8228,6718,238611.69230769228,202190.7692307692,243042.4615384615,198439.3846153846,0.9817695673310647
4432.286458333334,8350,7204,8269,6858,246646.15384615381,212795.0769230769,244253.53846153844,202574.7692307692,1.0097956222034103
4457.3515625,8368,7045,8292,6853,247177.84615384613,208098.4615384615,244932.92307692303,202427.0769230769,1.0091654606849976
4482.416666666667,8131,7002,8279,6853,240177.23076923072,206828.30769230766,244548.92307692303,202427.0769230769,0.9821234448604904
4507.481770833334,8240,7112,8134,6763,243396.92307692303,210077.53846153844,240265.84615384613,199768.61538461535,1.013031718711581
4532.546875,8159,7010,8147,6882,241004.30769230766,207064.61538461535,240649.84615384613,203283.69230769228,1.001472934822634
4557.611979166667,8234,7031,8087,6853,243219.69230769228,207684.92307692303,238877.53846153844,202427.0769230769,1.0181773216273031
4582.677083333334,8290,7012,8092,6927,244873.84615384613,207123.69230769228,239025.23076923072,204612.92307692306,1.0244686109738013
4607.7421875,8215,7137,8145,6892,242658.4615384615,210815.99999999997,240590.7692307692,203579.0769230769,1.0085942295887047
4632.807291666667,8328,7065,8109,6721,245996.30769230766,208689.23076923075,239527.3846153846,198527.99999999997,1.027007029226785
4657.872395833334,8386,7185,8235,6806,247709.53846153844,212233.84615384613,243249.23076923072,201038.7692307692,1.0183363691560412
4682.9375,8391,6988,8322,6748,247857.23076923072,206414.7692307692,245819.07692307688,199325.53846153844,1.0082912761355443
4708.002604166667,8258,7146,8231,6753,243928.61538461535,211081.84615384613,243131.07692307688,199473.23076923075,1.0032802818612563
4733.067708333334,8377,6936,8318,6899,247443.69230769228,204878.7692307692,245700.92307692303,203785.84615384613,1.0070930512142342
4758.1328125,8200,7141,8292,6713,242215.3846153846,210934.15384615381,244932.92307692303,198291.69230769228,0.9889049686444766
4783.197916666667,8162,7049,8485,6790,241092.92307692303,208216.61538461535,250633.84615384613,200566.15384615381,0.9619328226281674
4808.263020833334,8278,7082,8162,6700,244519.3846153846,209191.3846153846,241092.92307692303,197907.69230769228,1.0142122028914482
4833.328125,8344,7084,8376,6814,246468.92307692303,209250.4615384615,247414.15384615381,201275.0769230769,0.9961795606494747
4858.393229166667,8279,7039,8185,6844,244548.92307692303,207921.23076923075,241772.30769230766,202161.23076923075,1.0114844227244961
4883.458333333334,8112,7107,8142,6905,239615.99999999997,209929.84615384613,240502.15384615381,203963.0769230769,0.9963154016212233
4908.5234375,8227,7011,8222,6660,243012.92307692303,207094.15384615381,242865.23076923072,196726.15384615381,1.0006081245439067
4933.588541666667,8421,7019,8249,6710,248743.3846153846,207330.4615384615,243662.7692307692,198203.0769230769,1.0208510122439083
4958.653645833334,8317,7044,8235,6749,245671.3846153846,208068.92307692303,243249.23076923072,199355.0769230769,1.0099574984820887
4983.71875,8140,7090,8268,6702,240443.07692307688,209427.69230769228,244223.99999999997,197966.7692307692,0.98451862602806
5008.783854166667,8432,7013,8074,6829,249068.30769230766,207153.23076923075,238493.53846153844,201718.15384615381,1.0443398563289572
5033.848958333334,8213,7018,8306,6733,242599.3846153846,207300.92307692303,245346.4615384615,198882.4615384615,0.9888032747411509
5058.9140625,8153,7032,8226,6721,240827.07692307688,207714.4615384615,242983.3846153846,198527.99999999997,0.9911256990031607
5083.979166666667,8312,7051,8262,6694,245523.69230769228,208275.69230769228,244046.7692307692,197730.4615384615,1.0060518034374244
5109.044270833334,8386,7084,8327,6638,247709.53846153844,209250.4615384615,245966.7692307692,196076.30769230766,1.0070853848925183
5134.109375,8318,7205,8115,6630,245700.92307692303,212824.61538461535,239704.61538461535,195839.99999999997,1.0250154035736292
5159.174479166667,8232,6934,8335,6724,243160.61538461535,204819.69230769228,246203.07692307688,198616.61538461535,0.9876424715056988
5184.239583333334,8237,7017,8013,6779,243308.30769230766,207271.3846153846,236691.69230769228,200241.23076923075,1.0279545738175464
5209.3046875,8295,7064,8268,6793,245021.53846153844,208659.69230769228,244223.99999999997,200654.7692307692,1.0032656023222062
5234.369791666667,8212,6922,8296,6697,242569.84615384613,204465.23076923075,245051.07692307688,197819.0769230769,0.9898746383799422
5259.434895833334,8221,6983,8167,6687,242835.69230769228,206267.0769230769,241240.61538461535,197523.69230769228,1.0066119750214277
5284.5,8427,6938,8139,6798,248920.61538461535,204937.84615384613,240413.53846153844,200802.4615384615,1.035385182454847
5309.565104166667,8169,7039,8366,6539,241299.69230769228,207921.23076923075,247118.7692307692,193151.99999999997,0.9764523069567296
5334.630208333334,8368,7085,8105,6780,247177.84615384613,209279.99999999997,239409.23076923072,200270.7692307692,1.032449105490438
5359.6953125,8059,7092,8190,6690,238050.4615384615,209486.7692307692,241919.99999999997,197612.30769230766,0.984004884004884
5384.760416666667,8306,6794,8168,6813,245346.4615384615,200684.30769230766,241270.15384615381,201245.53846153844,1.0168952007835454
5409.825520833334,8154,7020,8222,6639,240856.61538461535,207359.99999999997,242865.23076923072,196105.84615384613,0.9917295062028704
5434.890625,8298,7061,8236,6727,245110.15384615381,208571.0769230769,243278.7692307692,198705.23076923075,1.007527926177756
5459.955729166667,8244,7099,8222,6676,243515.07692307688,209693.53846153844,242865.23076923072,197198.7692307692,1.002675747993189
5485.020833333334,8169,7119,8156,6565,241299.69230769228,210284.30769230766,240915.69230769228,193919.99999999997,1.0015939185875429
5510.0859375,8306,7024,8118,6627,245346.4615384615,207478.15384615381,239793.23076923072,195751.3846153846,1.023158413402316
5535.151041666667,8271,7185,8349,6377,244312.61538461535,212233.84615384613,246616.61538461535,188366.76923076922,0.9906575637800934
5560.216145833334,8423,6993,8168,6458,248802.4615384615,206562.4615384615,241270.15384615381,190759.3846153846,1.0312193927522038
5585.28125,8278,7047,8188,6595,244519.3846153846,208157.53846153844,241860.92307692303,194806.15384615381,1.0109916951636542
5610.346354166667,8334,7032,8074,6668,246173.53846153844,207714.4615384615,238493.53846153844,196962.4615384615,1.0322021302947733
5635.411458333334,8336,7006,8342,6417,246232.61538461535,206946.4615384615,246409.84615384613,189548.30769230766,0.999280748022057
5660.4765625,8297,7112,8297,6435,245080.61538461535,210077.53846153844,245080.61538461535,190079.99999999997,1.0
5685.541666666667,8155,7011,8369,6406,240886.15384615381,207094.15384615381,247207.3846153846,189223.3846153846,0.9744294419882901
5710.606770833334,8110,7090,8210,6322,239556.92307692303,209427.69230769228,242510.7692307692,186742.15384615381,0.9878197320341048
5735.671875,8149,7044,8280,6332,240708.92307692303,208068.92307692303,244578.4615384615,187037.53846153844,0.9841787439613526
5760.736979166667,8318,7186,8163,6258,245700.92307692303,212263.3846153846,241122.4615384615,184851.69230769228,1.0189881171138062
5785.802083333334,8222,6949,8330,6280,242865.23076923072,205262.7692307692,246055.3846153846,185501.53846153844,0.9870348139255702
5810.8671875,8319,6996,8233,6192,245730.4615384615,206651.0769230769,243190.15384615381,182902.15384615381,1.0104457670351026
5835.932291666667,8143,7031,8189,6184,240531.69230769228,207684.92307692303,241890.4615384615,182665.84615384613,0.9943827085114177
5860.997395833334,8244,7034,8295,6064,243515.07692307688,207773.53846153844,245021.53846153844,179121.23076923075,0.9938517179023508
5886.0625,8244,7088,8177,5995,243515.07692307688,209368.61538461535,241535.99999999997,177083.0769230769,1.008193714076067
5911.127604166667,8264,7155,8392,6050,244105.84615384613,211347.69230769228,247886.7692307692,178707.69230769228,0.9847473784556721
5936.192708333334,8237,6971,8113,6118,243308.30769230766,205912.61538461535,239645.53846153844,180716.30769230766,1.015284111919142
5961.2578125,8350,7009,8247,6221,246646.15384615381,207035.0769230769,243603.69230769228,183758.76923076922,1.0124893900812417
5986.322916666667,8193,7036,8197,5993,242008.61538461535,207832.61538461535,242126.7692307692,177023.99999999997,0.9995120165914358
6011.388020833334,8305,7162,8343,5935,245316.92307692303,211554.4615384615,246439.3846153846,175310.76923076922,0.9954452834711734
6036.453125,8352,7039,8254,6129,246705.23076923072,207921.23076923075,243810.4615384615,181041.23076923075,1.011873031257572
6061.518229166667,8209,7162,8150,6079,242481.23076923072,211554.4615384615,240738.4615384615,179564.30769230766,1.007239263803681
6086.583333333334,8246,7012,8153,6203,243574.15384615381,207123.69230769228,240827.07692307688,183227.0769230769,1.0114068441064639
6111.6484375,8269,6964,8222,6094,244253.53846153844,205705.84615384613,242865.23076923072,180007.3846153846,1.005716370712722
6136.713541666667,8316,6957,8335,6006,245641.84615384613,205499.0769230769,246203.07692307688,177407.99999999997,0.9977204559088182
6161.778645833334,8176,7012,8147,6126,241506.4615384615,207123.69230769228,240649.84615384613,180952.61538461535,1.0035595924880325
6186.84375,8267,7154,8315,6046,244194.4615384615,211318.15384615381,245612.30769230766,178589.53846153844,0.9942273000601323
6211.908854166667,8200,6909,8382,6118,242215.3846153846,204081.23076923075,247591.3846153846,180716.30769230766,0.9782868050584586
6236.973958333334,8145,7016,8166,6180,240590.7692307692,207241.84615384613,241211.07692307688,182547.69230769228,0.9974283614988979
6262.0390625,7990,7049,8278,6056,236012.30769230766,208216.61538461535,244519.3846153846,178884.92307692306,0.9652089876781831
6287.104166666667,8217,7113,8370,6231,242717.53846153844,210107.0769230769,247236.92307692303,184054.15384615381,0.9817204301075269
6312.169270833334,8295,7232,8284,6061,245021.53846153844,213622.15384615381,244696.61538461535,179032.61538461535,1.0013278609367455
6337.234375,8318,7072,8307,6190,245700.92307692303,208895.99999999997,245375.99999999997,182843.0769230769,1.001324184422776
6362.299479166667,8173,6999,8250,6205,241417.84615384613,206739.69230769228,243692.30769230766,183286.15384615381,0.9906666666666667
6387.364583333334,8355,7170,8107,6187,246793.84615384613,211790.7692307692,239468.30769230766,182754.4615384615,1.0305908474158134
6412.4296875,8185,7169,8155,6219,241772.30769230766,211761.23076923075,240886.15384615381,183699.69230769228,1.0036787247087677
6437.494791666667,8284,7067,8324,6288,244696.61538461535,208748.30769230766,245878.15384615381,185737.84615384613,0.9951946179721288
6462.559895833334,8209,7015,8274,6310,242481.23076923072,207212.30769230766,244401.23076923072,186387.69230769228,0.9921440657481266
6487.625,8268,7026,8333,6227,244223.99999999997,207537.23076923075,246143.99999999997,183935.99999999997,0.9921996879875195
6512.690104166667,8188,6925,8340,6412,241860.92307692303,204553.84615384613,246350.7692307692,189400.61538461535,0.9817745803357314
6537.755208333334,8358,7099,8356,6354,246882.4615384615,209693.53846153844,246823.3846153846,187687.3846153846,1.0002393489707995
6562.8203125,8282,7093,8213,6393,244637.53846153844,209516.30769230766,242599.3846153846,188839.3846153846,1.008401314988433
6587.885416666667,8307,6959,8194,6412,245375.99999999997,205558.15384615381,242038.15384615381,189400.61538461535,1.0137905784720527
6612.950520833334,8259,7088,8164,6510,243958.15384615381,209368.61538461535,241151.99999999997,192295.3846153846,1.0116364527192552
6638.015625,8154,6994,8462,6593,240856.61538461535,206591.99999999997,249954.4615384615,194747.0769230769,0.9636019853462539
6663.080729166667,8190,7040,8185,6658,241919.99999999997,207950.7692307692,241772.30769230766,196667.0769230769,1.0006108735491752
6688.145833333334,8314,7003,8120,6593,245582.7692307692,206857.84615384613,239852.30769230766,194747.0769230769,1.0238916256157635
6713.2109375,8215,7050,8193,6668,242658.4615384615,208246.15384615381,242008.61538461535,196962.4615384615,1.0026852190894666
6738.276041666667,8188,6998,8177,6614,241860.92307692303,206710.15384615381,241535.99999999997,195367.3846153846,1.0013452366393543
6763.341145833334,8168,7066,8204,6530,241270.15384615381,208718.7692307692,242333.53846153844,192886.15384615381,0.9956118966357874
6788.40625,8303,7200,8211,6796,245257.84615384613,212676.92307692303,242540.30769230766,200743.3846153846,1.011204481792717
6813.471354166667,8249,7104,8180,6683,243662.7692307692,209841.23076923075,241624.61538461535,197405.53846153844,1.008435207823961
6838.536458333334,8131,7052,8238,6614,240177.23076923072,208305.23076923075,243337.84615384613,195367.3846153846,0.987011410536538
6863.6015625,8410,6954,8244,6644,248418.4615384615,205410.4615384615,243515.07692307688,196253.53846153844,1.020135856380398
6888.666666666667,8224,7046,8323,6795,242924.30769230766,208127.99999999997,245848.61538461535,200713.84615384613,0.9881052505106331
6913.731770833334,8299,7260,8370,6789,245139.69230769228,214449.23076923075,247236.92307692303,200536.61538461535,0.9915173237753883
6938.796875,8210,6975,8184,6899,242510.7692307692,206030.7692307692,241742.7692307692,203785.84615384613,1.0031769305962854
6963.861979166667,8233,6979,8008,6806,243190.15384615381,206148.92307692303,236543.99999999997,201038.7692307692,1.0280969030969032
6988.927083333334,8333,7033,8211,6740,246143.99999999997,207743.99999999997,242540.30769230766,199089.23076923075,1.0148581171599074
7013.9921875,8327,7083,8224,6905,245966.7692307692,209220.92307692303,242924.30769230766,203963.0769230769,1.012524319066148
7039.057291666667,8128,7065,8369,6781,240088.61538461535,208689.23076923075,247207.3846153846,200300.30769230766,0.9712032500896164
7064.122395833334,8194,6931,8166,6868,242038.15384615381,204731.0769230769,241211.07692307688,202870.15384615381,1.0034288513348029
7089.1875,8455,7145,8318,6763,249747.69230769228,211052.30769230766,245700.92307692303,199768.61538461535,1.0164703053618658
7114.252604166667,8083,6987,8321,6871,238759.3846153846,206385.23076923075,245789.53846153844,202958.7692307692,0.9713976685494532
7139.317708333334,8396,6981,8286,6707,248004.92307692303,206207.99999999997,244755.69230769228,198114.4615384615,1.0132754042964036
7164.3828125,8436,6979,8261,6909,249186.4615384615,206148.92307692303,244017.23076923072,204081.23076923075,1.0211838760440624
7189.447916666667,8355,7101,8221,6916,246793.84615384613,209752.61538461535,242835.69230769228,204287.99999999997,1.0162997202286825
7214.513020833334,8324,7065,8058,7091,245878.15384615381,208689.23076923075,238020.92307692303,209457.23076923075,1.0330106726234798
7239.578125,8294,7196,8041,7025,244991.99999999997,212558.7692307692,237518.7692307692,207507.69230769228,1.0314637482900137
7264.643229166667,8210,6996,8537,6934,242510.7692307692,206651.0769230769,252169.84615384613,204819.69230769228,0.9616961461871852
7289.708333333334,8179,7057,8331,7117,241595.07692307688,208452.92307692303,246084.92307692303,210225.23076923075,0.9817548913695835
7314.7734375,8171,7101,8357,6904,241358.7692307692,209752.61538461535,246852.92307692303,203933.53846153844,0.9777432092856289
7339.838541666667,8350,7111,8078,7012,246646.15384615381,210047.99999999997,238611.69230769228,207123.69230769228,1.0336717009160683
7364.903645833334,8231,7188,8189,6952,243131.07692307688,212322.4615384615,241890.4615384615,205351.3846153846,1.0051288313591402
7389.96875,8052,6975,8190,7159,237843.69230769228,206030.7692307692,241919.99999999997,211465.84615384613,0.9831501831501831
7415.033854166667,8296,7007,8211,6936,245051.07692307688,206975.99999999997,242540.30769230766,204878.7692307692,1.010351966873706
7440.098958333334,8327,6896,8295,7045,245966.7692307692,203697.23076923075,245021.53846153844,208098.4615384615,1.0038577456298976
7465.1640625,8244,6835,8077,6938,243515.07692307688,201895.3846153846,238582.15384615381,204937.84615384613,1.020675993561966
7490.229166666667,8237,7097,8341,7119,243308.30769230766,209634.4615384615,246380.30769230766,210284.30769230766,0.9875314710466371
7515.294270833334,8304,7001,8155,6971,245287.3846153846,206798.7692307692,240886.15384615381,205912.61538461535,1.0182709993868793
7540.359375,8176,6999,8139,6906,241506.4615384615,206739.69230769228,240413.53846153844,203992.61538461535,1.004546013023713
7565.424479166667,8234,6968,8236,6959,243219.69230769228,205823.99999999997,243278.7692307692,205558.15384615381,0.9997571636716853
7590.489583333334,8188,6926,8339,6994,241860.92307692303,204583.3846153846,246321.23076923072,206591.99999999997,0.9818923132270057
7615.5546875,8228,7032,8352,7078,243042.4615384615,207714.4615384615,246705.23076923072,209073.23076923075,0.9851532567049809
7640.619791666667,8408,6962,8287,6933,248359.3846153846,205646.7692307692,244785.23076923072,204790.15384615381,1.0146011825751176
7665.684895833334,8238,7163,8258,7011,243337.84615384613,211583.99999999997,243928.61538461535,207094.15384615381,0.9975781060789537
7690.75,8344,6820,8194,6983,246468.92307692303,201452.30769230766,242038.15384615381,206267.0769230769,1.018306077617769
7715.815104166667,8414,7024,8197,6904,248536.61538461535,207478.15384615381,242126.7692307692,203933.53846153844,1.026473099914603
7740.880208333334,8251,7109,8337,7049,243721.84615384613,209988.92307692303,246262.15384615381,208216.61538461535,0.9896845388029267
7765.9453125,8195,7028,8403,6995,242067.69230769228,207596.30769230766,248211.69230769228,206621.53846153844,0.9752469356182316
7791.010416666667,8118,7026,8279,7022,239793.23076923072,207537.23076923075,244548.92307692303,207419.0769230769,0.980553206909047
7816.075520833334,8204,7033,8306,6953,242333.53846153844,207743.99999999997,245346.4615384615,205380.92307692303,0.987719720683843
7841.140625,8236,7127,8522,6965,243278.7692307692,210520.61538461535,251726.7692307692,205735.3846153846,0.9664398028631777
7866.205729166667,8160,6974,8239,7001,241033.84615384613,206001.23076923075,243367.3846153846,206798.7692307692,0.9904114577011773
7891.270833333334,8228,6883,8533,6905,243042.4615384615,203313.23076923075,252051.69230769228,203963.0769230769,0.9642564162662604
7916.3359375,8050,6961,8335,7129,237784.61538461535,205617.23076923075,246203.07692307688,210579.69230769228,0.9658068386322736
7941.401041666667,8249,7060,8171,7070,243662.7692307692,208541.53846153844,241358.7692307692,208836.92307692303,1.009545955207441
7966.466145833334,8146,6978,8232,6953,240620.30769230766,206119.3846153846,243160.61538461535,205380.92307692303,0.9895529640427599
7991.53125,8171,7097,8258,7117,241358.7692307692,209634.4615384615,243928.61538461535,210225.23076923075,0.9894647614434487
8016.596354166667,8258,7117,8266,6983,243928.61538461535,210225.23076923075,244164.92307692303,206267.0769230769,0.9990321800145173
8041.661458333334,8365,7012,8201,7042,247089.23076923072,207123.69230769228,242244.92307692303,208009.84615384613,1.0199975612730154
8066.7265625,8322,7012,8156,6820,245819.07692307688,207123.69230769228,240915.69230769228,201452.30769230766,1.0203531142717017
8091.791666666667,8333,7035,8285,6994,246143.99999999997,207803.0769230769,244726.15384615381,206591.99999999997,1.0057936028968015
8116.856770833334,8150,7049,8292,6920,240738.4615384615,208216.61538461535,244932.92307692303,204406.15384615381,0.9828750602990834
8141.921875,8065,6951,8270,6912,238227.69230769228,205321.84615384613,244283.07692307688,204169.84615384613,0.975211608222491
8166.986979166667,8011,7000,8323,6892,236632.61538461535,206769.23076923075,245848.61538461535,203579.0769230769,0.9625135167607833
8192.052083333334,8381,6970,8353,7000,247561.84615384613,205883.0769230769,246734.7692307692,206769.23076923075,1.0033520890697953
8217.1171875,8369,7079,8346,7026,247207.3846153846,209102.7692307692,246527.99999999997,207537.23076923075,1.002755811167026
8242.182291666668,8358,6964,8134,6971,246882.4615384615,205705.84615384613,240265.84615384613,205912.61538461535,1.027538726333907
8267.247395833334,8382,7028,8396,7134,247591.3846153846,207596.30769230766,248004.92307692303,210727.3846153846,0.9983325393044307
8292.3125,8326,6927,8327,6860,245937.23076923072,204612.92307692306,245966.7692307692,202633.84615384613,0.9998799087306353
8317.377604166668,8260,6946,8356,6900,243987.69230769228,205174.15384615381,246823.3846153846,203815.3846153846,0.9885112494016276
8342.442708333334,8191,7012,7997,6982,241949.53846153844,207123.69230769228,236219.07692307688,206237.53846153844,1.0242590971614356
8367.5078125,8302,6969,8042,7101,245228.30769230766,205853.53846153844,237548.30769230766,209752.61538461535,1.0323302661029594
8392.572916666668,8209,6993,8290,6914,242481.23076923072,206562.4615384615,244873.84615384613,204228.92307692306,0.9902291917973463
8417.638020833334,8306,7115,8309,7016,245346.4615384615,210166.15384615381,245435.07692307688,207241.84615384613,0.9996389457215068
8442.703125,8324,6988,8298,6934,245878.15384615381,206414.7692307692,245110.15384615381,204819.69230769228,1.0031332851289467
8467.768229166668,8382,7107,8166,6937,247591.3846153846,209929.84615384613,241211.07692307688,204908.30769230766,1.0264511388684792
8492.833333333334,8241,6988,8257,6927,243426.4615384615,206414.7692307692,243899.07692307688,204612.92307692306,0.9980622502119414
8517.8984375,8404,6996,8424,6890,248241.23076923072,206651.0769230769,248831.99999999997,203519.99999999997,0.9976258309591642
8542.963541666668,8236,6913,8379,6962,243278.7692307692,204199.3846153846,247502.7692307692,205646.7692307692,0.9829335242869077
8568.028645833334,8293,6996,8289,6952,244962.4615384615,206651.0769230769,244844.30769230766,205351.3846153846,1.0004825672578115
8593.09375,8174,7049,8329,6833,241447.3846153846,208216.61538461535,246025.84615384613,201836.30769230766,0.9813903229679434
8618.158854166668,8326,7004,8209,7140,245937.23076923072,206887.3846153846,242481.23076923072,210904.61538461535,1.0142526495310025
8643.223958333334,8334,6925,8366,6919,246173.53846153844,204553.84615384613,247118.7692307692,204376.61538461535,0.9961749940234281
8668.2890625,8093,7075,8159,6921,239054.7692307692,208984.61538461535,241004.30769230766,204435.69230769228,0.9919107733790906
8693.354166666668,8228,6964,8320,6869,243042.4615384615,205705.84615384613,245759.99999999997,202899.69230769228,0.9889423076923077
8718.419270833334,8335,7137,8231,7008,246203.07692307688,210815.99999999997,243131.07692307688,207005.53846153844,1.012635159761876
8743.484375,8323,7035,8222,6795,245848.61538461535,207803.0769230769,242865.23076923072,200713.84615384613,1.0122841157869131
8768.549479166668,8094,7030,8315,7001,239084.30769230766,207655.3846153846,245612.30769230766,206798.7692307692,0.9734215273601924
8793.614583333334,8138,7091,8254,7007,240383.99999999997,209457.23076923075,243810.4615384615,206975.99999999997,0.9859462078992004
8818.6796875,8488,6981,8258,6840,250722.4615384615,206207.99999999997,243928.61538461535,202043.0769230769,1.027851780092032
8843.744791666668,8309,6903,8325,6960,245435.07692307688,203903.99999999997,245907.69230769228,205587.69230769228,0.998078078078078
8868.809895833334,8308,6870,8207,6970,245405.53846153844,202929.23076923075,242422.15384615381,205883.0769230769,1.0123065675642744
8893.875,8188,7080,8238,6935,241860.92307692303,209132.30769230766,243337.84615384613,204849.23076923075,0.9939305656712795
8918.940104166668,8255,7004,8214,7012,243839.99999999997,206887.3846153846,242628.92307692303,207123.69230769228,1.0049914779644509
8944.005208333334,8290,6907,8115,6860,244873.84615384613,204022.15384615381,239704.61538461535,202633.84615384613,1.0215650030807146
8969.0703125,8304,7021,8283,7006,245287.3846153846,207389.53846153844,244667.07692307688,206946.4615384615,1.0025353132922854
8994.135416666668,8374,7265,8281,7219,247355.07692307688,214596.92307692303,244607.99999999997,213238.15384615381,1.011230527714044
9019.200520833334,8431,7006,8191,7014,249038.7692307692,206946.4615384615,241949.53846153844,207182.7692307692,1.0293004517152973
9044.265625,8321,6921,8293,6872,245789.53846153844,204435.69230769228,244962.4615384615,202988.30769230766,1.0033763414928252
9069.330729166668,8401,7179,8341,6896,248152.61538461535,212056.61538461535,246380.30769230766,203697.23076923075,1.0071933820884786
9094.395833333334,8058,6993,8202,6995,238020.92307692303,206562.4615384615,242274.4615384615,206621.53846153844,0.9824433065106072
9119.4609375,8280,6997,8153,6846,244578.4615384615,206680.61538461535,240827.07692307688,202220.30769230766,1.015577088188397
9144.526041666668,8254,7129,8153,6646,243810.4615384615,210579.69230769228,240827.07692307688,196312.61538461535,1.0123880780080952
9169.591145833334,8291,6954,8066,6838,244903.3846153846,205410.4615384615,238257.23076923072,201983.99999999997,1.0278948673444086
9194.65625,8264,6941,8254,6914,244105.84615384613,205026.4615384615,243810.4615384615,204228.92307692306,1.001211533801793
9219.721354166668,8272,7110,8236,6449,244342.15384615381,210018.4615384615,243278.7692307692,190493.53846153844,1.0043710539096649
9244.786458333334,7933,7178,8402,6520,234328.61538461535,212027.0769230769,248182.15384615381,192590.7692307692,0.9441799571530588
9269.8515625,8274,7124,8345,6551,244401.23076923072,210431.99999999997,246498.4615384615,193506.4615384615,0.9914919113241462
9294.916666666668,8202,6980,8250,6399,242274.4615384615,206178.4615384615,243692.30769230766,189016.61538461535,0.9941818181818182
9319.981770833334,8223,7033,8236,6591,242894.7692307692,207743.99999999997,243278.7692307692,194687.99999999997,0.9984215638659544
9345.046875,8226,6992,8249,6291,242983.3846153846,206532.92307692303,243662.7692307692,185826.4615384615,0.9972117832464541
9370.111979166668,8346,6946,8328,6231,246527.99999999997,205174.15384615381,245996.30769230766,184054.15384615381,1.0021613832853027
9395.177083333334,8208,6914,8228,6229,242451.69230769228,204228.92307692306,243042.4615384615,183995.0769230769,0.997569275644142
9420.2421875,8277,6967,8131,6225,244489.84615384613,205794.4615384615,240177.23076923072,183876.92307692306,1.01795597097528
9445.307291666668,8407,7050,8089,6293,248329.84615384613,208246.15384615381,238936.61538461535,185885.53846153844,1.0393126468043021
9470.372395833334,8172,6985,8246,6132,241388.30769230766,206326.15384615381,243574.15384615381,181129.84615384613,0.991025951976716
9495.4375,8195,6969,8331,6074,242067.69230769228,205853.53846153844,246084.92307692303,179416.61538461535,0.9836754291201536
9520.502604166668,8209,7144,8267,6053,242481.23076923072,211022.7692307692,244194.4615384615,178796.30769230766,0.9929841538647635
9545.567708333334,8088,6981,8183,6180,238907.07692307688,206207.99999999997,241713.23076923072,182547.69230769228,0.9883905658071612
9570.6328125,8398,6979,8252,6057,248063.99999999997,206148.92307692303,243751.3846153846,178914.4615384615,1.017692680562288
9595.697916666668,8149,7054,8258,6134,240708.92307692303,208364.30769230766,243928.61538461535,181188.92307692306,0.9868006781302979
9620.763020833334,8336,7150,8292,6170,246232.61538461535,211199.99999999997,244932.92307692303,182252.30769230766,1.005306319343946
9645.828125,8163,6950,8283,6083,241122.4615384615,205292.30769230766,244667.07692307688,179682.4615384615,0.9855124954726548
9670.893229166668,8277,7049,8354,5960,244489.84615384613,208216.61538461535,246764.30769230766,176049.23076923075,0.990782858510893
9695.958333333334,8285,7059,8284,5925,244726.15384615381,208511.99999999997,244696.61538461535,175015.3846153846,1.0001207146306133
9721.0234375,8368,7134,8149,5991,247177.84615384613,210727.3846153846,240708.92307692303,176964.92307692306,1.0268744631243096
9746.088541666668,8237,7031,8260,5919,243308.30769230766,207684.92307692303,243987.69230769228,174838.15384615381,0.9972154963680387
9771.153645833334,8218,7305,8271,5934,242747.07692307688,215778.4615384615,244312.61538461535,175281.23076923075,0.9935920686736791
9796.21875,8278,7072,8294,5903,244519.3846153846,208895.99999999997,244991.99999999997,174365.53846153844,0.9980708946226188
9821.283854166668,8039,7040,8296,6055,237459.69230769228,207950.7692307692,245051.07692307688,178855.3846153846,0.9690212150433944
9846.348958333334,8229,7053,8324,5903,243071.99999999997,208334.7692307692,245878.15384615381,174365.53846153844,0.9885872176838059
9871.4140625,8272,6976,8211,6010,244342.15384615381,206060.30769230766,242540.30769230766,177526.15384615381,1.0074290585799537
9896.479166666668,8344,6947,8230,6065,246468.92307692303,205203.69230769228,243101.53846153844,179150.76923076922,1.0138517618469016
9921.544270833334,8229,7037,8170,5964,243071.99999999997,207862.15384615381,241329.23076923072,176167.3846153846,1.0072215422276622
9946.609375,8279,6860,8244,5996,244548.92307692303,202633.84615384613,243515.07692307688,177112.61538461535,1.0042455118874334
9971.674479166668,8241,6964,8156,6130,243426.4615384615,205705.84615384613,240915.69230769228,181070.76923076922,1.0104217753800884
9996.739583333334,8207,7124,8134,6059,242422.15384615381,210431.99999999997,240265.84615384613,178973.53846153844,1.0089746742070322
10021.8046875,8309,6988,8211,6181,245435.07692307688,206414.7692307692,242540.30769230766,182577.23076923075,1.011935208866155
10046.869791666668,8308,7206,8324,6321,245405.53846153844,212854.15384615381,245878.15384615381,186712.61538461535,0.9980778471888515
10071.934895833334,8220,7108,8114,6309,242806.15384615381,209959.3846153846,239675.07692307688,186358.15384615381,1.013063840276066
10097.0,8249,6949,8234,6376,243662.7692307692,205262.7692307692,243219.69230769228,188337.23076923075,1.0018217148409037
