frequency_MHz,signal,reference,ratio,cps_prior,timestamp
999.9999996185302,83244,83627,0.9954201394286534,81485.46211947814,2026-02-03 03:44:18
1001.9999999999999,82948,83346,0.9952247258416721,81485.46211947814,2026-02-03 03:44:18
1004.0000003814696,82851,82916,0.9992160740990882,81485.46211947814,2026-02-03 03:44:18
1006.0000007629394,82803,83734,0.9888814579501756,81485.46211947814,2026-02-03 03:44:18
1008.0000011444091,82963,83632,0.9920006696001531,81485.46211947814,2026-02-03 03:44:18
1010.0000015258788,82983,82850,1.0016053108026555,81485.46211947814,2026-02-03 03:44:18
1012.0000019073485,82710,83289,0.9930483016965025,81485.46211947814,2026-02-03 03:44:18
1014.0000022888182,83050,83361,0.9962692386127806,81485.46211947814,2026-02-03 03:44:18
1016.000002670288,83062,83719,0.9921523190673562,81485.46211947814,2026-02-03 03:44:18
1018.0000030517577,83041,82982,1.0007109975657371,81485.46211947814,2026-02-03 03:44:18
1020.0000034332274,83355,83445,0.9989214452633471,81485.46211947814,2026-02-03 03:44:18
1022.0000038146972,82569,82374,1.0023672518027533,81485.46211947814,2026-02-03 03:44:18
1024.0000041961669,83099,83303,0.9975511086035317,81485.46211947814,2026-02-03 03:44:18
1026.0000045776367,83058,83127,0.9991699447832834,81485.46211947814,2026-02-03 03:44:18
1028.0000049591063,83580,83208,1.004470723968849,81485.46211947814,2026-02-03 03:44:18
1030.000005340576,82688,83090,0.9951618726681911,81485.46211947814,2026-02-03 03:44:18
1032.000005722046,82980,83730,0.9910426370476532,81485.46211947814,2026-02-03 03:44:18
1034.0000061035155,82756,83090,0.995980262366109,81485.46211947814,2026-02-03 03:44:18
1036.0000064849853,82870,82685,1.0022374070266675,81485.46211947814,2026-02-03 03:44:18
1038.000006866455,83608,83196,1.0049521611615944,81485.46211947814,2026-02-03 03:44:18
1040.0000072479247,82466,83610,0.9863174261451979,81485.46211947814,2026-02-03 03:44:18
1042.0000076293945,83254,83364,0.9986804855813061,81485.46211947814,2026-02-03 03:44:18
1044.0000080108641,82886,83162,0.9966811764988817,81485.46211947814,2026-02-03 03:44:18
1046.000008392334,83231,83710,0.9942778640544738,81485.46211947814,2026-02-03 03:44:18
1048.0000087738035,82719,82986,0.9967825898344299,81485.46211947814,2026-02-03 03:44:18
1050.0000091552733,83146,83235,0.99893073827116,81485.46211947814,2026-02-03 03:44:18
1052.0000095367432,82945,83532,0.9929727529569506,81485.46211947814,2026-02-03 03:44:18
1054.0000099182128,83488,83148,1.0040890941453793,81485.46211947814,2026-02-03 03:44:18
1056.0000102996826,82672,83281,0.9926874076920306,81485.46211947814,2026-02-03 03:44:18
1058.0000106811522,82729,83486,0.9909326114558129,81485.46211947814,2026-02-03 03:44:18
1060.000011062622,83232,83848,0.9926533727697738,81485.46211947814,2026-02-03 03:44:18
1062.0000114440918,83259,83092,1.0020098204399943,81485.46211947814,2026-02-03 03:44:18
1064.0000118255614,82991,82739,1.0030457220899456,81485.46211947814,2026-02-03 03:44:18
1066.0000122070312,82783,83505,0.991353811149033,81485.46211947814,2026-02-03 03:44:18
1068.0000125885008,82771,83379,0.992707996018182,81485.46211947814,2026-02-03 03:44:18
1070.0000129699706,82621,83200,0.9930408653846153,81485.46211947814,2026-02-03 03:44:18
1072.0000133514404,83105,82794,1.003756310843781,81485.46211947814,2026-02-03 03:44:18
1074.00001373291,82968,83063,0.9988562898041246,81485.46211947814,2026-02-03 03:44:18
1076.0000141143798,82669,83053,0.9953764463655738,81485.46211947814,2026-02-03 03:44:18
1078.0000144958494,82935,82575,1.0043596730245232,81485.46211947814,2026-02-03 03:44:18
1080.0000148773192,82939,83582,0.9923069560431672,81485.46211947814,2026-02-03 03:44:18
1082.000015258789,82543,83091,0.9934048212201081,81485.46211947814,2026-02-03 03:44:18
1084.0000156402587,82913,83083,0.9979538533755401,81485.46211947814,2026-02-03 03:44:18
1086.0000160217285,82624,83011,0.9953379672573515,81485.46211947814,2026-02-03 03:44:18
1088.000016403198,83017,83487,0.9943703810174039,81485.46211947814,2026-02-03 03:44:18
1090.0000167846679,83090,83228,0.998341904166867,81485.46211947814,2026-02-03 03:44:18
1092.0000171661377,82645,83027,0.9953990870439736,81485.46211947814,2026-02-03 03:44:18
1094.0000175476073,82537,83467,0.9888578719733547,81485.46211947814,2026-02-03 03:44:18
1096.000017929077,82997,83519,0.9937499251667286,81485.46211947814,2026-02-03 03:44:18
1098.0000183105467,83205,83539,0.9960018673912783,81485.46211947814,2026-02-03 03:44:18
1100.0000186920165,82599,83276,0.9918704068399059,81485.46211947814,2026-02-03 03:44:18
1102.0000190734863,83630,83907,0.9966987259704196,81485.46211947814,2026-02-03 03:44:18
1104.000019454956,83099,83214,0.9986180210060807,81485.46211947814,2026-02-03 03:44:18
1106.0000198364257,83049,83386,0.9959585541937496,81485.46211947814,2026-02-03 03:44:18
1108.0000202178953,83098,83198,0.9987980480300007,81485.46211947814,2026-02-03 03:44:18
1110.0000205993651,82393,83439,0.9874638957801508,81485.46211947814,2026-02-03 03:44:18
1112.000020980835,82803,83287,0.9941887689555393,81485.46211947814,2026-02-03 03:44:18
1114.0000213623046,83553,83275,1.003338336835785,81485.46211947814,2026-02-03 03:44:18
1116.0000217437744,83638,83402,1.002829668353277,81485.46211947814,2026-02-03 03:44:18
1118.000022125244,82732,83453,0.9913604064563287,81485.46211947814,2026-02-03 03:44:18
1120.0000225067138,82996,83403,0.9951200796134432,81485.46211947814,2026-02-03 03:44:18
1122.0000228881836,82614,83596,0.9882530264605962,81485.46211947814,2026-02-03 03:44:18
1124.0000232696532,83082,83254,0.997934033199606,81485.46211947814,2026-02-03 03:44:18
1126.000023651123,82994,83144,0.9981959010872703,81485.46211947814,2026-02-03 03:44:18
1128.0000240325926,82703,83061,0.995689914641047,81485.46211947814,2026-02-03 03:44:18
1130.0000244140624,82764,83486,0.9913518434228493,81485.46211947814,2026-02-03 03:44:18
1132.0000247955322,83022,83915,0.9893582792111065,81485.46211947814,2026-02-03 03:44:18
1134.0000251770018,82757,83401,0.9922782700447237,81485.46211947814,2026-02-03 03:44:18
1136.0000255584716,82790,82905,0.9986128701525843,81485.46211947814,2026-02-03 03:44:18
1138.0000259399412,82692,83731,0.9875912147233402,81485.46211947814,2026-02-03 03:44:18
1140.000026321411,83248,83271,0.9997237933974613,81485.46211947814,2026-02-03 03:44:18
1142.0000267028809,83544,82875,1.0080723981900452,81485.46211947814,2026-02-03 03:44:18
1144.0000270843504,83048,83160,0.9986531986531987,81485.46211947814,2026-02-03 03:44:18
1146.0000274658203,83506,83278,1.002737817911093,81485.46211947814,2026-02-03 03:44:18
1148.0000278472899,83191,83335,0.9982720345593088,81485.46211947814,2026-02-03 03:44:18
1150.0000282287597,83366,83327,1.0004680355707034,81485.46211947814,2026-02-03 03:44:18
1152.0000286102295,82402,83051,0.9921855245571998,81485.46211947814,2026-02-03 03:44:18
1154.000028991699,83236,82877,1.0043317205014661,81485.46211947814,2026-02-03 03:44:18
1156.000029373169,82927,83128,0.9975820421518622,81485.46211947814,2026-02-03 03:44:18
1158.0000297546385,82895,83433,0.9935517121522659,81485.46211947814,2026-02-03 03:44:18
1160.0000301361083,83254,83345,0.9989081528585998,81485.46211947814,2026-02-03 03:44:18
1162.0000305175781,83008,83062,0.9993498832197636,81485.46211947814,2026-02-03 03:44:18
1164.0000308990477,83423,83355,1.0008157878951474,81485.46211947814,2026-02-03 03:44:18
1166.0000312805175,82883,83259,0.9954839717027588,81485.46211947814,2026-02-03 03:44:18
1168.0000316619871,83441,84002,0.9933215875812481,81485.46211947814,2026-02-03 03:44:18
1170.000032043457,82927,83099,0.9979301796652186,81485.46211947814,2026-02-03 03:44:18
1172.0000324249268,83302,83599,0.9964473259249512,81485.46211947814,2026-02-03 03:44:18
1174.0000328063963,82957,83055,0.9988200589970502,81485.46211947814,2026-02-03 03:44:18
1176.0000331878662,82963,83510,0.9934498862411687,81485.46211947814,2026-02-03 03:44:18
1178.0000335693358,83016,83675,0.9921242904093218,81485.46211947814,2026-02-03 03:44:18
1180.0000339508056,82946,83637,0.9917381063404952,81485.46211947814,2026-02-03 03:44:18
1182.0000343322754,82708,82868,0.9980692185161945,81485.46211947814,2026-02-03 03:44:18
1184.000034713745,82478,83471,0.9881036527656312,81485.46211947814,2026-02-03 03:44:18
1186.0000350952148,82716,83280,0.9932276657060519,81485.46211947814,2026-02-03 03:44:18
1188.0000354766844,83369,83111,1.0031042822249763,81485.46211947814,2026-02-03 03:44:18
1190.0000358581542,83238,83309,0.9991477511433339,81485.46211947814,2026-02-03 03:44:18
1192.000036239624,83181,83180,1.000012022120702,81485.46211947814,2026-02-03 03:44:18
1194.0000366210936,82709,83310,0.9927859800744209,81485.46211947814,2026-02-03 03:44:18
1196.0000370025634,83157,83102,1.0006618372602345,81485.46211947814,2026-02-03 03:44:18
1198.000037384033,82747,83282,0.9935760428423909,81485.46211947814,2026-02-03 03:44:18
1200.0000377655028,83614,83208,1.0048793385251418,81485.46211947814,2026-02-03 03:44:18
1202.0000381469727,82966,83954,0.9882316506658408,81485.46211947814,2026-02-03 03:44:18
1204.0000385284422,82410,83536,0.9865207814594905,81485.46211947814,2026-02-03 03:44:18
1206.000038909912,83043,83682,0.9923639492363949,81485.46211947814,2026-02-03 03:44:18
1208.0000392913817,83485,83231,1.0030517475459864,81485.46211947814,2026-02-03 03:44:18
1210.0000396728515,82973,83485,0.9938671617655866,81485.46211947814,2026-02-03 03:44:18
1212.0000400543213,83227,83285,0.9993035960857297,81485.46211947814,2026-02-03 03:44:18
1214.0000404357909,83037,83440,0.9951701821668265,81485.46211947814,2026-02-03 03:44:18
1216.0000408172607,82768,83362,0.992874451188791,81485.46211947814,2026-02-03 03:44:18
1218.0000411987303,82482,83327,0.9898592293014269,81485.46211947814,2026-02-03 03:44:18
1220.0000415802,82309,82932,0.99248782134761,81485.46211947814,2026-02-03 03:44:18
1222.00004196167,83475,83420,1.0006593143131144,81485.46211947814,2026-02-03 03:44:18
1224.0000423431395,83096,82845,1.0030297543605529,81485.46211947814,2026-02-03 03:44:18
1226.0000427246093,82433,83824,0.9834057071960298,81485.46211947814,2026-02-03 03:44:18
1228.000043106079,83010,83890,0.9895100727142687,81485.46211947814,2026-02-03 03:44:18
1230.0000434875487,82763,83032,0.9967602851912516,81485.46211947814,2026-02-03 03:44:18
1232.0000438690186,83332,83673,0.9959246112844048,81485.46211947814,2026-02-03 03:44:18
1234.0000442504881,83444,83371,1.0008756042268894,81485.46211947814,2026-02-03 03:44:18
1236.000044631958,82654,83154,0.9939870601534502,81485.46211947814,2026-02-03 03:44:18
1238.0000450134276,82862,83365,0.9939662928087327,81485.46211947814,2026-02-03 03:44:18
1240.0000453948974,83055,83070,0.9998194293968942,81485.46211947814,2026-02-03 03:44:18
1242.0000457763672,83325,83292,1.0003961965134707,81485.46211947814,2026-02-03 03:44:18
1244.0000461578368,83098,82888,1.0025335392336647,81485.46211947814,2026-02-03 03:44:18
1246.0000465393066,82623,83475,0.9897933513027852,81485.46211947814,2026-02-03 03:44:18
1248.0000469207762,83325,83485,0.9980834880517458,81485.46211947814,2026-02-03 03:44:18
1250.000047302246,82626,83585,0.9885266495184543,81485.46211947814,2026-02-03 03:44:18
1252.0000476837158,82241,83039,0.990390057683739,81485.46211947814,2026-02-03 03:44:18
1254.0000480651854,82660,83605,0.9886968482746247,81485.46211947814,2026-02-03 03:44:18
1256.0000484466552,83295,83474,0.9978556197139229,81485.46211947814,2026-02-03 03:44:18
1258.0000488281248,83081,83351,0.9967606867344123,81485.46211947814,2026-02-03 03:44:18
1260.0000492095946,83342,83257,1.0010209351766217,81485.46211947814,2026-02-03 03:44:18
1262.0000495910645,82565,83293,0.9912597697285486,81485.46211947814,2026-02-03 03:44:18
1264.000049972534,82997,83605,0.992727707672986,81485.46211947814,2026-02-03 03:44:18
1266.0000503540039,83064,83343,0.9966523883229546,81485.46211947814,2026-02-03 03:44:18
1268.0000507354735,82905,82912,0.9999155731377847,81485.46211947814,2026-02-03 03:44:18
1270.0000511169433,83251,83404,0.9981655556088437,81485.46211947814,2026-02-03 03:44:18
1272.000051498413,83070,83282,0.9974544319300689,81485.46211947814,2026-02-03 03:44:18
1274.0000518798827,83023,83523,0.9940136249895238,81485.46211947814,2026-02-03 03:44:18
1276.0000522613525,82835,83705,0.9896063556537841,81485.46211947814,2026-02-03 03:44:18
1278.000052642822,82746,83339,0.9928844838550979,81485.46211947814,2026-02-03 03:44:18
1280.000053024292,82368,83116,0.9910005293806247,81485.46211947814,2026-02-03 03:44:18
1282.0000534057617,82711,83661,0.9886446492391915,81485.46211947814,2026-02-03 03:44:18
1284.0000537872313,82979,83260,0.9966250300264232,81485.46211947814,2026-02-03 03:44:18
1286.0000541687011,82726,83447,0.991359785252915,81485.46211947814,2026-02-03 03:44:18
1288.0000545501707,82740,83535,0.9904830310648232,81485.46211947814,2026-02-03 03:44:18
1290.0000549316405,82892,82927,0.9995779420454134,81485.46211947814,2026-02-03 03:44:18
1292.0000553131104,82999,83495,0.9940595245224265,81485.46211947814,2026-02-03 03:44:18
1294.00005569458,82708,82972,0.9968182037313793,81485.46211947814,2026-02-03 03:44:18
1296.0000560760498,82181,83362,0.9858328734915189,81485.46211947814,2026-02-03 03:44:18
1298.0000564575193,83268,82770,1.0060166727075026,81485.46211947814,2026-02-03 03:44:18
1300.0000568389892,83418,83157,1.0031386413651286,81485.46211947814,2026-02-03 03:44:18
1302.000057220459,82402,83483,0.987051255944324,81485.46211947814,2026-02-03 03:44:18
1304.0000576019286,82913,83651,0.9911776308711193,81485.46211947814,2026-02-03 03:44:18
1306.0000579833984,82996,83351,0.9957409029285791,81485.46211947814,2026-02-03 03:44:18
1308.000058364868,83039,82956,1.0010005304016587,81485.46211947814,2026-02-03 03:44:18
1310.0000587463378,82508,83907,0.9833267784571014,81485.46211947814,2026-02-03 03:44:18
1312.0000591278076,83024,83417,0.9952887301149645,81485.46211947814,2026-02-03 03:44:18
1314.0000595092772,82752,83030,0.9966518125978562,81485.46211947814,2026-02-03 03:44:18
1316.000059890747,83063,83555,0.9941116629764826,81485.46211947814,2026-02-03 03:44:18
1318.0000602722166,83117,83552,0.9947936614324013,81485.46211947814,2026-02-03 03:44:18
1320.0000606536864,83374,83384,0.9998800729156673,81485.46211947814,2026-02-03 03:44:18
1322.0000610351562,82619,82973,0.9957335518783219,81485.46211947814,2026-02-03 03:44:18
1324.0000614166258,82667,83234,0.9931878799529038,81485.46211947814,2026-02-03 03:44:18
1326.0000617980957,83513,83409,1.0012468678439976,81485.46211947814,2026-02-03 03:44:18
1328.0000621795652,82985,83260,0.9966970934422291,81485.46211947814,2026-02-03 03:44:18
1330.000062561035,83548,83871,0.9961488476350586,81485.46211947814,2026-02-03 03:44:18
1332.0000629425049,83428,83501,0.9991257589729464,81485.46211947814,2026-02-03 03:44:18
1334.0000633239745,83395,83556,0.9980731485470822,81485.46211947814,2026-02-03 03:44:18
1336.0000637054443,83299,83295,1.0000480220901615,81485.46211947814,2026-02-03 03:44:18
1338.0000640869139,82653,83497,0.9898918524018827,81485.46211947814,2026-02-03 03:44:18
1340.0000644683837,83044,83105,0.9992659888093376,81485.46211947814,2026-02-03 03:44:18
1342.0000648498535,82867,83333,0.9944079776319106,81485.46211947814,2026-02-03 03:44:18
1344.000065231323,83387,82943,1.0053530737976684,81485.46211947814,2026-02-03 03:44:18
1346.000065612793,82734,82997,0.9968312107666543,81485.46211947814,2026-02-03 03:44:18
1348.0000659942625,82660,84187,0.9818618076425101,81485.46211947814,2026-02-03 03:44:18
1350.0000663757323,82676,82702,0.9996856182438152,81485.46211947814,2026-02-03 03:44:18
1352.0000667572021,83076,83244,0.9979818365287588,81485.46211947814,2026-02-03 03:44:18
1354.0000671386717,82426,83281,0.9897335526710774,81485.46211947814,2026-02-03 03:44:18
1356.0000675201416,82547,83191,0.9922587779928117,81485.46211947814,2026-02-03 03:44:18
1358.0000679016111,82980,82902,1.0009408699428242,81485.46211947814,2026-02-03 03:44:18
1360.000068283081,82546,83752,0.9856003438723852,81485.46211947814,2026-02-03 03:44:18
1362.0000686645508,83073,83246,0.9979218220695288,81485.46211947814,2026-02-03 03:44:18
1364.0000690460204,83073,83530,0.994528911768227,81485.46211947814,2026-02-03 03:44:18
1366.0000694274902,82684,83622,0.9887828561861711,81485.46211947814,2026-02-03 03:44:18
1368.0000698089598,83148,83316,0.9979835805847617,81485.46211947814,2026-02-03 03:44:18
1370.0000701904296,83055,83312,0.9969152102938352,81485.46211947814,2026-02-03 03:44:18
1372.0000705718994,82456,83065,0.9926683922229579,81485.46211947814,2026-02-03 03:44:18
1374.000070953369,82988,83446,0.9945114205594037,81485.46211947814,2026-02-03 03:44:18
1376.0000713348388,83318,82988,1.003976478527016,81485.46211947814,2026-02-03 03:44:18
1378.0000717163084,82967,83483,0.993819100894793,81485.46211947814,2026-02-03 03:44:18
1380.0000720977782,82792,83468,0.9919010878420472,81485.46211947814,2026-02-03 03:44:18
1382.000072479248,83105,83567,0.9944715019086482,81485.46211947814,2026-02-03 03:44:18
1384.0000728607176,83152,83995,0.9899636883147807,81485.46211947814,2026-02-03 03:44:18
1386.0000732421875,83303,83554,0.9969959547119228,81485.46211947814,2026-02-03 03:44:18
1388.000073623657,83100,83557,0.9945306796558038,81485.46211947814,2026-02-03 03:44:18
1390.0000740051269,82883,83516,0.9924206140140811,81485.46211947814,2026-02-03 03:44:18
1392.0000743865967,83316,83522,0.9975335839659012,81485.46211947814,2026-02-03 03:44:18
1394.0000747680663,83215,83178,1.000444829161557,81485.46211947814,2026-02-03 03:44:18
1396.000075149536,82738,83863,0.9865852640616243,81485.46211947814,2026-02-03 03:44:18
1398.0000755310057,82402,82940,0.9935133831685555,81485.46211947814,2026-02-03 03:44:18
1400.0000759124755,83062,83464,0.9951835521901659,81485.46211947814,2026-02-03 03:44:18
1402.0000762939453,82597,83282,0.9917749333589491,81485.46211947814,2026-02-03 03:44:18
1404.000076675415,82843,83077,0.9971833359413557,81485.46211947814,2026-02-03 03:44:18
1406.0000770568847,83319,82877,1.005333204628546,81485.46211947814,2026-02-03 03:44:18
1408.0000774383543,82620,83690,0.9872147209941451,81485.46211947814,2026-02-03 03:44:18
1410.0000778198241,83214,83288,0.9991115166650658,81485.46211947814,2026-02-03 03:44:18
1412.000078201294,83536,83226,1.0037247975392305,81485.46211947814,2026-02-03 03:44:18
1414.0000785827635,82911,83384,0.9943274489110621,81485.46211947814,2026-02-03 03:44:18
1416.0000789642334,82771,83770,0.9880744896741077,81485.46211947814,2026-02-03 03:44:18
1418.000079345703,83093,82572,1.006309644915952,81485.46211947814,2026-02-03 03:44:18
1420.0000797271728,83025,83310,0.9965790421317969,81485.46211947814,2026-02-03 03:44:18
1422.0000801086426,83126,83475,0.9958191075172207,81485.46211947814,2026-02-03 03:44:18
1424.0000804901122,82978,83211,0.9971998894376946,81485.46211947814,2026-02-03 03:44:18
1426.000080871582,83438,82922,1.0062227153228336,81485.46211947814,2026-02-03 03:44:18
1428.0000812530516,82818,83286,0.9943808082991139,81485.46211947814,2026-02-03 03:44:18
1430.0000816345214,83555,83336,1.002627915906691,81485.46211947814,2026-02-03 03:44:18
1432.0000820159912,82945,83705,0.9909204945941102,81485.46211947814,2026-02-03 03:44:18
1434.0000823974608,82858,83514,0.9921450295758795,81485.46211947814,2026-02-03 03:44:18
1436.0000827789306,82978,83184,0.9975235622235045,81485.46211947814,2026-02-03 03:44:18
1438.0000831604002,82400,83539,0.9863656495768444,81485.46211947814,2026-02-03 03:44:18
1440.00008354187,83033,83288,0.996938334453943,81485.46211947814,2026-02-03 03:44:18
1442.0000839233398,83160,84245,0.987120897382634,81485.46211947814,2026-02-03 03:44:18
1444.0000843048094,82737,83489,0.9909928254021488,81485.46211947814,2026-02-03 03:44:18
1446.0000846862793,82720,83405,0.9917870631257119,81485.46211947814,2026-02-03 03:44:18
1448.0000850677488,83546,83645,0.9988164265646482,81485.46211947814,2026-02-03 03:44:18
1450.0000854492187,82857,83166,0.9962845393550249,81485.46211947814,2026-02-03 03:44:18
1452.0000858306885,82855,83896,0.9875917802994183,81485.46211947814,2026-02-03 03:44:18
1454.000086212158,82752,82886,0.9983833216707285,81485.46211947814,2026-02-03 03:44:18
1456.0000865936279,83196,83231,0.999579483605868,81485.46211947814,2026-02-03 03:44:18
1458.0000869750975,82185,82361,0.9978630662570876,81485.46211947814,2026-02-03 03:44:18
1460.0000873565673,83031,83311,0.9966390992786067,81485.46211947814,2026-02-03 03:44:18
1462.000087738037,82667,82971,0.9963360692290077,81485.46211947814,2026-02-03 03:44:18
1464.0000881195067,82723,82789,0.9992027926415346,81485.46211947814,2026-02-03 03:44:18
1466.0000885009765,82804,83380,0.99309186855361,81485.46211947814,2026-02-03 03:44:18
1468.000088882446,82954,82625,1.003981845688351,81485.46211947814,2026-02-03 03:44:18
1470.000089263916,82950,83466,0.9938178419955431,81485.46211947814,2026-02-03 03:44:18
1472.0000896453857,83059,83515,0.994539903011435,81485.46211947814,2026-02-03 03:44:18
1474.0000900268553,82901,83246,0.9958556567282512,81485.46211947814,2026-02-03 03:44:18
1476.0000904083251,83363,83360,1.0000359884836851,81485.46211947814,2026-02-03 03:44:18
1478.0000907897947,82529,83110,0.9930092648297437,81485.46211947814,2026-02-03 03:44:18
1480.0000911712646,83108,83637,0.9936750481246338,81485.46211947814,2026-02-03 03:44:18
1482.0000915527344,82797,83371,0.9931151119693898,81485.46211947814,2026-02-03 03:44:18
1484.000091934204,83120,83458,0.9959500587121666,81485.46211947814,2026-02-03 03:44:18
1486.0000923156738,83248,82934,1.0037861431982058,81485.46211947814,2026-02-03 03:44:18
1488.0000926971434,83613,83483,1.0015572032629398,81485.46211947814,2026-02-03 03:44:18
1490.0000930786132,82951,83430,0.9942586599544528,81485.46211947814,2026-02-03 03:44:18
1492.000093460083,83186,83353,0.9979964728324116,81485.46211947814,2026-02-03 03:44:18
1494.0000938415526,83236,83498,0.9968622002922226,81485.46211947814,2026-02-03 03:44:18
1496.0000942230224,83489,83342,1.0017638165630773,81485.46211947814,2026-02-03 03:44:18
1498.000094604492,82997,82914,1.0010010372192875,81485.46211947814,2026-02-03 03:44:18
1500.0000949859618,82979,83243,0.9968285621613829,81485.46211947814,2026-02-03 03:44:18
1502.0000953674316,82709,83528,0.9901949047026147,81485.46211947814,2026-02-03 03:44:18
1504.0000957489012,83698,83185,1.0061669772194506,81485.46211947814,2026-02-03 03:44:18
1506.000096130371,82908,83251,0.9958799293702177,81485.46211947814,2026-02-03 03:44:18
1508.0000965118406,82978,83671,0.9917175604450765,81485.46211947814,2026-02-03 03:44:18
1510.0000968933105,83090,82783,1.0037084908737302,81485.46211947814,2026-02-03 03:44:18
1512.0000972747803,83387,83441,0.9993528361357127,81485.46211947814,2026-02-03 03:44:18
1514.0000976562499,82969,83384,0.9950230260001919,81485.46211947814,2026-02-03 03:44:18
1516.0000980377195,82396,83693,0.9845028855459835,81485.46211947814,2026-02-03 03:44:18
1518.0000984191893,82950,82930,1.0002411672494875,81485.46211947814,2026-02-03 03:44:18
1520.000098800659,82858,82860,0.9999758629012793,81485.46211947814,2026-02-03 03:44:18
1522.000099182129,82886,83427,0.9935152888153715,81485.46211947814,2026-02-03 03:44:18
1524.0000995635985,82787,83237,0.994593750375434,81485.46211947814,2026-02-03 03:44:18
1526.000099945068,82431,83518,0.9869848415910343,81485.46211947814,2026-02-03 03:44:18
1528.000100326538,82318,83694,0.9835591559729491,81485.46211947814,2026-02-03 03:44:18
1530.0001007080077,83319,83578,0.9969010983751705,81485.46211947814,2026-02-03 03:44:18
1532.0001010894775,82928,83627,0.99164145551078,81485.46211947814,2026-02-03 03:44:18
1534.0001014709471,82899,83108,0.9974851999807479,81485.46211947814,2026-02-03 03:44:18
1536.0001018524167,83237,83013,1.0026983725440595,81485.46211947814,2026-02-03 03:44:18
1538.0001022338865,83251,83195,1.0006731173748422,81485.46211947814,2026-02-03 03:44:18
1540.0001026153564,83433,82878,1.0066965901686817,81485.46211947814,2026-02-03 03:44:18
1542.0001029968262,82568,83351,0.9906059915297957,81485.46211947814,2026-02-03 03:44:18
1544.0001033782958,83088,83753,0.9920599859109525,81485.46211947814,2026-02-03 03:44:18
1546.0001037597654,83335,82902,1.0052230344261899,81485.46211947814,2026-02-03 03:44:18
1548.0001041412352,83199,84013,0.990311023294014,81485.46211947814,2026-02-03 03:44:18
1550.000104522705,83582,83094,1.0058728668736612,81485.46211947814,2026-02-03 03:44:18
1552.0001049041748,82985,83569,0.9930117627349855,81485.46211947814,2026-02-03 03:44:18
1554.0001052856444,83033,82994,1.000469913487722,81485.46211947814,2026-02-03 03:44:18
1556.000105667114,82911,83878,0.9884713512482415,81485.46211947814,2026-02-03 03:44:18
1558.0001060485838,83015,83596,0.9930499066941002,81485.46211947814,2026-02-03 03:44:18
1560.0001064300536,82954,82907,1.000566900261739,81485.46211947814,2026-02-03 03:44:18
1562.0001068115234,83073,83911,0.9900132283014146,81485.46211947814,2026-02-03 03:44:18
1564.000107192993,83093,83080,1.0001564756860857,81485.46211947814,2026-02-03 03:44:18
1566.0001075744626,83519,82940,1.0069809500843983,81485.46211947814,2026-02-03 03:44:18
1568.0001079559324,82693,83875,0.9859076005961251,81485.46211947814,2026-02-03 03:44:18
1570.0001083374023,83267,83580,0.9962550849485523,81485.46211947814,2026-02-03 03:44:18
1572.000108718872,82696,83493,0.9904542895811624,81485.46211947814,2026-02-03 03:44:18
1574.0001091003417,82627,83214,0.9929458985266902,81485.46211947814,2026-02-03 03:44:18
1576.0001094818113,82755,83033,0.9966519335685812,81485.46211947814,2026-02-03 03:44:18
1578.000109863281,82466,83517,0.9874157357184765,81485.46211947814,2026-02-03 03:44:18
1580.0001102447509,82659,83100,0.9946931407942238,81485.46211947814,2026-02-03 03:44:18
1582.0001106262207,82648,82652,0.9999516043168949,81485.46211947814,2026-02-03 03:44:18
1584.0001110076903,82870,82677,1.0023343856211522,81485.46211947814,2026-02-03 03:44:18
1586.0001113891599,82665,82974,0.996275941861306,81485.46211947814,2026-02-03 03:44:18
1588.0001117706297,82907,83166,0.9968857465791309,81485.46211947814,2026-02-03 03:44:18
1590.0001121520995,83215,83290,0.9990995317565133,81485.46211947814,2026-02-03 03:44:18
1592.0001125335693,82711,83461,0.9910137669090953,81485.46211947814,2026-02-03 03:44:18
1594.000112915039,83013,83674,0.9921002939981356,81485.46211947814,2026-02-03 03:44:18
1596.0001132965085,83348,83090,1.0031050667950414,81485.46211947814,2026-02-03 03:44:18
1598.0001136779783,83076,82968,1.0013017066820944,81485.46211947814,2026-02-03 03:44:18
1600.0001140594482,83403,83524,0.998551314592213,81485.46211947814,2026-02-03 03:44:18
1602.000114440918,82604,83527,0.9889496809414919,81485.46211947814,2026-02-03 03:44:18
1604.0001148223876,83244,83973,0.9913186381336858,81485.46211947814,2026-02-03 03:44:18
1606.0001152038571,83341,83377,0.9995682262494453,81485.46211947814,2026-02-03 03:44:18
1608.000115585327,83409,83828,0.9950016700863673,81485.46211947814,2026-02-03 03:44:18
1610.0001159667968,82963,83503,0.9935331664730609,81485.46211947814,2026-02-03 03:44:18
1612.0001163482666,83157,83883,0.9913450878008655,81485.46211947814,2026-02-03 03:44:18
1614.0001167297362,83288,83611,0.996136871942687,81485.46211947814,2026-02-03 03:44:18
1616.0001171112058,83122,83491,0.9955803619551808,81485.46211947814,2026-02-03 03:44:18
1618.0001174926756,82710,83568,0.9897329121194716,81485.46211947814,2026-02-03 03:44:18
1620.0001178741454,82825,83718,0.9893332377744333,81485.46211947814,2026-02-03 03:44:18
1622.0001182556152,82741,83788,0.9875041772091468,81485.46211947814,2026-02-03 03:44:18
1624.0001186370848,83008,83355,0.9958370823585868,81485.46211947814,2026-02-03 03:44:18
1626.0001190185544,83438,82883,1.0066961861901718,81485.46211947814,2026-02-03 03:44:18
1628.0001194000242,82522,83408,0.9893775177441013,81485.46211947814,2026-02-03 03:44:18
1630.000119781494,83101,83454,0.9957701248592039,81485.46211947814,2026-02-03 03:44:18
1632.0001201629639,83132,83457,0.9961057790239285,81485.46211947814,2026-02-03 03:44:18
1634.0001205444335,82691,82749,0.9992990851853195,81485.46211947814,2026-02-03 03:44:18
1636.000120925903,82607,83448,0.9899218675103059,81485.46211947814,2026-02-03 03:44:18
1638.0001213073729,82718,83477,0.9909076751680104,81485.46211947814,2026-02-03 03:44:18
1640.0001216888427,82573,83490,0.9890166487004431,81485.46211947814,2026-02-03 03:44:18
1642.0001220703125,82574,83053,0.9942325984612236,81485.46211947814,2026-02-03 03:44:18
1644.000122451782,82785,83574,0.9905592648431331,81485.46211947814,2026-02-03 03:44:18
1646.0001228332517,83286,83151,1.0016235523325034,81485.46211947814,2026-02-03 03:44:18
1648.0001232147215,83290,82956,1.00402623077294,81485.46211947814,2026-02-03 03:44:18
1650.0001235961913,82866,83340,0.9943124550035997,81485.46211947814,2026-02-03 03:44:18
1652.0001239776611,83156,83294,0.9983432179988955,81485.46211947814,2026-02-03 03:44:18
1654.0001243591307,83405,83762,0.9957379241183353,81485.46211947814,2026-02-03 03:44:18
1656.0001247406003,83012,82969,1.0005182658583327,81485.46211947814,2026-02-03 03:44:18
1658.0001251220701,82804,83737,0.988857971983711,81485.46211947814,2026-02-03 03:44:18
1660.00012550354,82901,83479,0.9930761029720049,81485.46211947814,2026-02-03 03:44:18
1662.0001258850098,83127,83751,0.9925493426944156,81485.46211947814,2026-02-03 03:44:18
1664.0001262664794,82563,83382,0.990177736202058,81485.46211947814,2026-02-03 03:44:18
1666.000126647949,83170,83397,0.9972780795472259,81485.46211947814,2026-02-03 03:44:18
1668.0001270294188,82850,83345,0.9940608314835923,81485.46211947814,2026-02-03 03:44:18
1670.0001274108886,83280,83435,0.9981422664349494,81485.46211947814,2026-02-03 03:44:18
1672.0001277923584,82476,83141,0.992001539553289,81485.46211947814,2026-02-03 03:44:18
1674.000128173828,82820,83128,0.9962948705610625,81485.46211947814,2026-02-03 03:44:18
1676.0001285552976,82879,83199,0.9961537999254799,81485.46211947814,2026-02-03 03:44:18
1678.0001289367674,82587,83687,0.9868557840524813,81485.46211947814,2026-02-03 03:44:18
1680.0001293182372,82861,83292,0.9948254334149739,81485.46211947814,2026-02-03 03:44:18
1682.000129699707,82822,83393,0.9931529025217944,81485.46211947814,2026-02-03 03:44:18
1684.0001300811766,82950,83083,0.9983991911702755,81485.46211947814,2026-02-03 03:44:18
1686.0001304626462,82894,82893,1.0000120637448278,81485.46211947814,2026-02-03 03:44:18
1688.000130844116,83014,83834,0.9902187656559391,81485.46211947814,2026-02-03 03:44:18
1690.0001312255858,83393,83034,1.0043235301201918,81485.46211947814,2026-02-03 03:44:18
1692.0001316070557,83108,82759,1.0042170640051233,81485.46211947814,2026-02-03 03:44:18
1694.0001319885253,82974,82897,1.0009288635294402,81485.46211947814,2026-02-03 03:44:18
1696.0001323699948,82139,83187,0.9874018776972363,81485.46211947814,2026-02-03 03:44:18
1698.0001327514647,83184,83565,0.9954406749237121,81485.46211947814,2026-02-03 03:44:18
1700.0001331329345,82788,83546,0.9909271539032389,81485.46211947814,2026-02-03 03:44:18
1702.0001335144043,82973,83602,0.9924762565488864,81485.46211947814,2026-02-03 03:44:18
1704.000133895874,83500,83465,1.000419337446834,81485.46211947814,2026-02-03 03:44:18
1706.0001342773435,83137,83692,0.9933685417961096,81485.46211947814,2026-02-03 03:44:18
1708.0001346588133,82975,83592,0.9926189109005646,81485.46211947814,2026-02-03 03:44:18
1710.000135040283,82916,83577,0.992091125548895,81485.46211947814,2026-02-03 03:44:18
1712.000135421753,83422,83275,1.0017652356649656,81485.46211947814,2026-02-03 03:44:18
1714.0001358032225,82881,83822,0.9887738302593592,81485.46211947814,2026-02-03 03:44:18
1716.000136184692,83461,83387,1.0008874284960485,81485.46211947814,2026-02-03 03:44:18
1718.000136566162,82626,83980,0.9838771135984758,81485.46211947814,2026-02-03 03:44:18
1720.0001369476317,83524,83306,1.002616858329532,81485.46211947814,2026-02-03 03:44:18
1722.0001373291016,82790,83606,0.9902399349328995,81485.46211947814,2026-02-03 03:44:18
1724.0001377105712,83122,83072,1.0006018875192604,81485.46211947814,2026-02-03 03:44:18
1726.0001380920407,82966,83463,0.9940452655667781,81485.46211947814,2026-02-03 03:44:18
1728.0001384735106,83144,83431,0.9965600316429145,81485.46211947814,2026-02-03 03:44:18
1730.0001388549804,82997,83533,0.9935833742353322,81485.46211947814,2026-02-03 03:44:18
1732.0001392364502,83084,83289,0.9975386905833904,81485.46211947814,2026-02-03 03:44:18
1734.0001396179198,82970,83556,0.992986739432237,81485.46211947814,2026-02-03 03:44:18
1736.0001399993894,83007,83562,0.9933582250305163,81485.46211947814,2026-02-03 03:44:18
1738.0001403808592,82947,83254,0.9963124894899945,81485.46211947814,2026-02-03 03:44:18
1740.000140762329,82688,83093,0.9951259432202472,81485.46211947814,2026-02-03 03:44:18
1742.0001411437988,83246,83249,0.9999639635310935,81485.46211947814,2026-02-03 03:44:18
1744.0001415252684,83006,82932,1.0008922973038152,81485.46211947814,2026-02-03 03:44:18
1746.000141906738,82847,83216,0.995565756585272,81485.46211947814,2026-02-03 03:44:18
1748.0001422882078,82716,83104,0.995331151328456,81485.46211947814,2026-02-03 03:44:18
1750.0001426696776,82587,83088,0.993970248411323,81485.46211947814,2026-02-03 03:44:18
1752.0001430511475,83241,83412,0.9979499352611135,81485.46211947814,2026-02-03 03:44:18
1754.000143432617,82727,82988,0.9968549669831783,81485.46211947814,2026-02-03 03:44:18
1756.0001438140866,82783,82969,0.9977581988453519,81485.46211947814,2026-02-03 03:44:18
1758.0001441955565,82709,83354,0.9922619190440771,81485.46211947814,2026-02-03 03:44:18
1760.0001445770263,82568,83120,0.9933589990375361,81485.46211947814,2026-02-03 03:44:18
1762.000144958496,83163,83435,0.9967399772277821,81485.46211947814,2026-02-03 03:44:18
1764.0001453399657,83083,83576,0.9941011773714942,81485.46211947814,2026-02-03 03:44:18
1766.0001457214353,83273,83045,1.002745499428021,81485.46211947814,2026-02-03 03:44:18
1768.000146102905,83071,83586,0.9938386811188477,81485.46211947814,2026-02-03 03:44:18
1770.000146484375,83390,83636,0.9970586828638386,81485.46211947814,2026-02-03 03:44:18
1772.0001468658447,83040,83441,0.9951942090818662,81485.46211947814,2026-02-03 03:44:18
1774.0001472473143,82576,83086,0.9938617817682883,81485.46211947814,2026-02-03 03:44:18
1776.000147628784,83462,83590,0.9984687163536308,81485.46211947814,2026-02-03 03:44:18
1778.0001480102537,83209,83618,0.9951087086512473,81485.46211947814,2026-02-03 03:44:18
1780.0001483917235,82630,83841,0.9855559928913061,81485.46211947814,2026-02-03 03:44:18
1782.0001487731934,82411,83447,0.9875849341498196,81485.46211947814,2026-02-03 03:44:18
1784.000149154663,82984,83323,0.9959314955054427,81485.46211947814,2026-02-03 03:44:18
1786.0001495361325,83387,83419,0.9996163943466116,81485.46211947814,2026-02-03 03:44:18
1788.0001499176024,82975,83070,0.9988563861803298,81485.46211947814,2026-02-03 03:44:18
1790.0001502990722,82625,83474,0.9898291683638019,81485.46211947814,2026-02-03 03:44:18
1792.000150680542,82690,83155,0.9944080331910288,81485.46211947814,2026-02-03 03:44:18
1794.0001510620116,83389,83247,1.001705767174793,81485.46211947814,2026-02-03 03:44:18
1796.0001514434812,83036,83390,0.9957548866770596,81485.46211947814,2026-02-03 03:44:18
1798.000151824951,83183,83583,0.99521433784382,81485.46211947814,2026-02-03 03:44:18
1800.0001522064208,83105,83169,0.9992304825115127,81485.46211947814,2026-02-03 03:44:18
1802.0001525878906,82792,83438,0.9922577242982814,81485.46211947814,2026-02-03 03:44:18
1804.0001529693602,83130,83275,0.9982587811468028,81485.46211947814,2026-02-03 03:44:18
1806.0001533508298,82908,83627,0.9914022983007881,81485.46211947814,2026-02-03 03:44:18
1808.0001537322996,83162,83394,0.997218025277598,81485.46211947814,2026-02-03 03:44:18
1810.0001541137694,83284,83166,1.0014188490488902,81485.46211947814,2026-02-03 03:44:18
1812.0001544952393,83185,83620,0.9947978952403731,81485.46211947814,2026-02-03 03:44:18
1814.0001548767088,83158,83425,0.9967995205274198,81485.46211947814,2026-02-03 03:44:18
1816.0001552581784,82959,83537,0.993080910255336,81485.46211947814,2026-02-03 03:44:18
1818.0001556396483,83057,83251,0.9976696976612893,81485.46211947814,2026-02-03 03:44:18
1820.000156021118,82681,83367,0.9917713243849485,81485.46211947814,2026-02-03 03:44:18
1822.000156402588,82937,83002,0.9992168863400882,81485.46211947814,2026-02-03 03:44:18
1824.0001567840575,83347,84100,0.9910463733650416,81485.46211947814,2026-02-03 03:44:18
1826.000157165527,82913,82959,0.9994455092274497,81485.46211947814,2026-02-03 03:44:18
1828.000157546997,82763,83544,0.9906516326726037,81485.46211947814,2026-02-03 03:44:18
1830.0001579284667,83829,83311,1.0062176663345777,81485.46211947814,2026-02-03 03:44:18
1832.0001583099365,83221,83245,0.9997116943960598,81485.46211947814,2026-02-03 03:44:18
1834.000158691406,82791,83397,0.9927335515666031,81485.46211947814,2026-02-03 03:44:18
1836.0001590728757,83067,83059,1.0000963170758135,81485.46211947814,2026-02-03 03:44:18
1838.0001594543455,82960,82571,1.004711097116421,81485.46211947814,2026-02-03 03:44:18
1840.0001598358153,82892,83460,0.9931943445962138,81485.46211947814,2026-02-03 03:44:18
1842.0001602172852,82988,83875,0.989424739195231,81485.46211947814,2026-02-03 03:44:18
1844.0001605987547,82621,83340,0.9913726901847852,81485.46211947814,2026-02-03 03:44:18
1846.0001609802243,82296,83495,0.9856398586741721,81485.46211947814,2026-02-03 03:44:18
1848.0001613616942,82811,83343,0.9936167404581069,81485.46211947814,2026-02-03 03:44:18
1850.000161743164,82748,83505,0.990934674570385,81485.46211947814,2026-02-03 03:44:18
1852.0001621246338,83257,83258,0.9999879891421846,81485.46211947814,2026-02-03 03:44:18
1854.0001625061034,83049,82334,1.0086841402093911,81485.46211947814,2026-02-03 03:44:18
1856.000162887573,83213,83737,0.9937423122395118,81485.46211947814,2026-02-03 03:44:18
1858.0001632690428,82870,83236,0.9956028641453217,81485.46211947814,2026-02-03 03:44:18
1860.0001636505126,82717,83178,0.9944576690951934,81485.46211947814,2026-02-03 03:44:18
1862.0001640319824,82794,82718,1.0009187843032956,81485.46211947814,2026-02-03 03:44:18
1864.000164413452,83208,83143,1.0007817855983066,81485.46211947814,2026-02-03 03:44:18
1866.0001647949216,82978,83272,0.9964694014794889,81485.46211947814,2026-02-03 03:44:18
1868.0001651763914,83183,83704,0.9937756857497849,81485.46211947814,2026-02-03 03:44:18
1870.0001655578612,82989,82964,1.0003013355190202,81485.46211947814,2026-02-03 03:44:18
1872.000165939331,83219,83847,0.9925101673285865,81485.46211947814,2026-02-03 03:44:18
1874.0001663208006,83371,83868,0.9940740210807459,81485.46211947814,2026-02-03 03:44:18
1876.0001667022702,83195,83532,0.9959656179667672,81485.46211947814,2026-02-03 03:44:18
1878.00016708374,83223,82922,1.003629917271653,81485.46211947814,2026-02-03 03:44:18
1880.0001674652099,82850,83926,0.9871791816600338,81485.46211947814,2026-02-03 03:44:18
1882.0001678466797,82906,83152,0.9970415624398692,81485.46211947814,2026-02-03 03:44:18
1884.0001682281493,82829,83820,0.9881770460510618,81485.46211947814,2026-02-03 03:44:18
1886.0001686096189,83444,83744,0.9964176538020635,81485.46211947814,2026-02-03 03:44:18
1888.0001689910887,83218,83374,0.9981289130904119,81485.46211947814,2026-02-03 03:44:18
1890.0001693725585,82790,83472,0.9918295955529998,81485.46211947814,2026-02-03 03:44:18
1892.0001697540283,82429,83192,0.9908284450427925,81485.46211947814,2026-02-03 03:44:18
1894.000170135498,83013,82941,1.0008680869533766,81485.46211947814,2026-02-03 03:44:18
1896.0001705169675,83401,83428,0.9996763676463537,81485.46211947814,2026-02-03 03:44:18
1898.0001708984373,82810,83654,0.9899108231525091,81485.46211947814,2026-02-03 03:44:18
1900.0001712799071,82906,83547,0.9923276718493782,81485.46211947814,2026-02-03 03:44:18
1902.000171661377,82713,83248,0.9935734191812416,81485.46211947814,2026-02-03 03:44:18
1904.0001720428465,83041,83059,0.9997832865794194,81485.46211947814,2026-02-03 03:44:18
1906.0001724243161,83134,83242,0.998702578025516,81485.46211947814,2026-02-03 03:44:18
1908.000172805786,82931,83197,0.996802769330625,81485.46211947814,2026-02-03 03:44:18
1910.0001731872558,82577,83556,0.9882833070036862,81485.46211947814,2026-02-03 03:44:18
1912.0001735687256,82522,83067,0.9934390311435347,81485.46211947814,2026-02-03 03:44:18
1914.0001739501952,82359,82798,0.9946979395637576,81485.46211947814,2026-02-03 03:44:18
1916.0001743316648,83099,83067,1.0003852311989117,81485.46211947814,2026-02-03 03:44:18
1918.0001747131346,82653,83102,0.9945970012755408,81485.46211947814,2026-02-03 03:44:18
1920.0001750946044,83326,83424,0.99882527809743,81485.46211947814,2026-02-03 03:44:18
1922.0001754760742,83638,83194,1.0053369233358176,81485.46211947814,2026-02-03 03:44:18
1924.0001758575438,82686,83489,0.990381966486603,81485.46211947814,2026-02-03 03:44:18
1926.0001762390134,83422,82967,1.0054841081393808,81485.46211947814,2026-02-03 03:44:18
1928.0001766204832,83150,82991,1.001915870395585,81485.46211947814,2026-02-03 03:44:18
1930.000177001953,82873,83140,0.9967885494346885,81485.46211947814,2026-02-03 03:44:18
1932.0001773834229,82714,83834,0.9866402652861608,81485.46211947814,2026-02-03 03:44:18
1934.0001777648924,83118,83554,0.994781817746607,81485.46211947814,2026-02-03 03:44:18
1936.000178146362,82911,82961,0.9993973071684286,81485.46211947814,2026-02-03 03:44:18
1938.0001785278318,82971,83070,0.9988082340195016,81485.46211947814,2026-02-03 03:44:18
1940.0001789093017,83318,83719,0.9952101673455249,81485.46211947814,2026-02-03 03:44:18
1942.0001792907715,82847,83467,0.9925719146489032,81485.46211947814,2026-02-03 03:44:18
1944.000179672241,82807,83530,0.9913444271519215,81485.46211947814,2026-02-03 03:44:18
1946.0001800537107,83389,83376,1.0001559201688734,81485.46211947814,2026-02-03 03:44:18
1948.0001804351805,82422,83610,0.9857911733046286,81485.46211947814,2026-02-03 03:44:18
1950.0001808166503,83375,83419,0.9994725422265911,81485.46211947814,2026-02-03 03:44:18
1952.0001811981201,83210,83319,0.9986917749852975,81485.46211947814,2026-02-03 03:44:18
1954.0001815795897,83187,83294,0.9987153936658103,81485.46211947814,2026-02-03 03:44:18
1956.0001819610593,82398,83427,0.987665863569348,81485.46211947814,2026-02-03 03:44:18
1958.0001823425291,82670,83339,0.9919725458668811,81485.46211947814,2026-02-03 03:44:18
1960.000182723999,82923,83083,0.9980742149416848,81485.46211947814,2026-02-03 03:44:18
1962.0001831054688,83059,83130,0.9991459160351257,81485.46211947814,2026-02-03 03:44:18
1964.0001834869383,82813,83109,0.9964384122056577,81485.46211947814,2026-02-03 03:44:18
1966.000183868408,82581,83038,0.9944964955803367,81485.46211947814,2026-02-03 03:44:18
1968.0001842498777,83282,83381,0.9988126791475276,81485.46211947814,2026-02-03 03:44:18
1970.0001846313476,82392,83191,0.990395595677417,81485.46211947814,2026-02-03 03:44:18
1972.0001850128174,82610,83203,0.9928728531423145,81485.46211947814,2026-02-03 03:44:18
1974.000185394287,83059,83423,0.99563669491627,81485.46211947814,2026-02-03 03:44:18
1976.0001857757566,83165,83420,0.9969431790937425,81485.46211947814,2026-02-03 03:44:18
1978.0001861572264,83171,83557,0.9953803990090597,81485.46211947814,2026-02-03 03:44:18
1980.0001865386962,82710,83724,0.987888777411495,81485.46211947814,2026-02-03 03:44:18
1982.000186920166,83087,82679,1.0049347476384571,81485.46211947814,2026-02-03 03:44:18
1984.0001873016356,82776,83586,0.9903093819539157,81485.46211947814,2026-02-03 03:44:18
1986.0001876831052,82969,83654,0.9918115093121668,81485.46211947814,2026-02-03 03:44:18
1988.000188064575,83037,83486,0.9946218527657332,81485.46211947814,2026-02-03 03:44:18
1990.0001884460448,82546,84088,0.9816620683093902,81485.46211947814,2026-02-03 03:44:18
1992.0001888275146,82963,83389,0.9948914125364257,81485.46211947814,2026-02-03 03:44:18
1994.0001892089842,83238,83309,0.9991477511433339,81485.46211947814,2026-02-03 03:44:18
1996.0001895904538,82997,83492,0.9940712882671394,81485.46211947814,2026-02-03 03:44:18
1998.0001899719236,82697,83919,0.9854383393510409,81485.46211947814,2026-02-03 03:44:18
2000.0001903533935,82800,83113,0.9962340428091875,81485.46211947814,2026-02-03 03:44:18
2002.0001907348633,82795,84069,0.984845781441435,81485.46211947814,2026-02-03 03:44:18
2004.0001911163329,82940,83450,0.9938885560215698,81485.46211947814,2026-02-03 03:44:18
2006.0001914978025,82775,83611,0.9900013156163663,81485.46211947814,2026-02-03 03:44:18
2008.0001918792723,83344,83187,1.001887314123601,81485.46211947814,2026-02-03 03:44:18
2010.000192260742,82922,83200,0.9966586538461538,81485.46211947814,2026-02-03 03:44:18
2012.000192642212,83348,82998,1.0042169690835925,81485.46211947814,2026-02-03 03:44:18
2014.0001930236815,82912,84158,0.9851945150787804,81485.46211947814,2026-02-03 03:44:18
2016.000193405151,83222,83245,0.9997237071295574,81485.46211947814,2026-02-03 03:44:18
2018.000193786621,83088,82804,1.0034297860006762,81485.46211947814,2026-02-03 03:44:18
2020.0001941680907,82999,83753,0.9909973374088092,81485.46211947814,2026-02-03 03:44:18
2022.0001945495605,82528,83252,0.9913035122279344,81485.46211947814,2026-02-03 03:44:18
2024.0001949310301,82234,83179,0.9886389593527213,81485.46211947814,2026-02-03 03:44:18
2026.0001953125,82898,82908,0.9998793843778646,81485.46211947814,2026-02-03 03:44:18
2028.0001956939695,82951,83180,0.997246934359221,81485.46211947814,2026-02-03 03:44:18
2030.0001960754394,82647,83506,0.9897133140133643,81485.46211947814,2026-02-03 03:44:18
2032.000196456909,83347,82910,1.0052707755397419,81485.46211947814,2026-02-03 03:44:18
2034.0001968383788,83060,83742,0.9918559384777054,81485.46211947814,2026-02-03 03:44:18
2036.0001972198486,82845,83175,0.9960324616771866,81485.46211947814,2026-02-03 03:44:18
2038.0001976013182,83007,83162,0.9981361679613285,81485.46211947814,2026-02-03 03:44:18
2040.000197982788,82876,83039,0.9980370669203628,81485.46211947814,2026-02-03 03:44:18
2042.0001983642576,83215,83446,0.9972317426838914,81485.46211947814,2026-02-03 03:44:18
2044.0001987457274,82880,83033,0.9981573591222767,81485.46211947814,2026-02-03 03:44:18
2046.0001991271972,82788,83480,0.9917105893627216,81485.46211947814,2026-02-03 03:44:18
2048.000199508667,83057,83454,0.9952428882977449,81485.46211947814,2026-02-03 03:44:18
2050.0001998901366,82373,83348,0.9883020588376445,81485.46211947814,2026-02-03 03:44:18
2052.0002002716064,83207,83632,0.994918213124163,81485.46211947814,2026-02-03 03:44:18
2054.000200653076,82650,83319,0.9919706189464588,81485.46211947814,2026-02-03 03:44:18
2056.000201034546,83211,83483,0.9967418516344645,81485.46211947814,2026-02-03 03:44:18
2058.0002014160154,82967,83944,0.988361288478033,81485.46211947814,2026-02-03 03:44:18
2060.0002017974853,83240,82939,1.0036291732478086,81485.46211947814,2026-02-03 03:44:18
2062.000202178955,82871,83245,0.9955072376719323,81485.46211947814,2026-02-03 03:44:18
2064.0002025604244,82933,83504,0.9931620042153669,81485.46211947814,2026-02-03 03:44:18
2066.0002029418947,83115,83846,0.9912816353791475,81485.46211947814,2026-02-03 03:44:18
2068.000203323364,83477,83579,0.9987795977458452,81485.46211947814,2026-02-03 03:44:18
2070.000203704834,83412,83084,1.0039478118530645,81485.46211947814,2026-02-03 03:44:18
2072.0002040863037,82836,82772,1.0007732083313197,81485.46211947814,2026-02-03 03:44:18
2074.000204467773,82600,83539,0.9887597409593124,81485.46211947814,2026-02-03 03:44:18
2076.0002048492433,82918,83218,0.9963950106948016,81485.46211947814,2026-02-03 03:44:18
2078.0002052307127,83265,83438,0.9979266041851435,81485.46211947814,2026-02-03 03:44:18
2080.0002056121825,82890,83393,0.9939683186838224,81485.46211947814,2026-02-03 03:44:18
2082.0002059936523,82883,83339,0.9945283720706992,81485.46211947814,2026-02-03 03:44:18
2084.0002063751217,83004,83327,0.9961237054016105,81485.46211947814,2026-02-03 03:44:18
2086.000206756592,82528,83245,0.9913868700822872,81485.46211947814,2026-02-03 03:44:18
2088.0002071380613,82632,83687,0.987393501977607,81485.46211947814,2026-02-03 03:44:18
2090.000207519531,82517,83040,0.99370183044316,81485.46211947814,2026-02-03 03:44:18
2092.000207901001,83012,83799,0.9906084798147949,81485.46211947814,2026-02-03 03:44:18
2094.0002082824703,83174,83772,0.9928615766604594,81485.46211947814,2026-02-03 03:44:18
2096.0002086639406,83031,83284,0.996962201623361,81485.46211947814,2026-02-03 03:44:18
2098.00020904541,82979,83238,0.9968884403757899,81485.46211947814,2026-02-03 03:44:18
2100.00020942688,83143,83313,0.9979595021185169,81485.46211947814,2026-02-03 03:44:18
2102.0002098083496,83004,83857,0.989827921342285,81485.46211947814,2026-02-03 03:44:18
2104.000210189819,82805,83300,0.9940576230492197,81485.46211947814,2026-02-03 03:44:18
2106.0002105712892,82653,82961,0.9962874121575198,81485.46211947814,2026-02-03 03:44:18
2108.0002109527586,83185,83182,1.0000360654949387,81485.46211947814,2026-02-03 03:44:18
2110.0002113342284,82723,83341,0.9925846822092368,81485.46211947814,2026-02-03 03:44:18
2112.0002117156982,83292,83423,0.9984296896539324,81485.46211947814,2026-02-03 03:44:18
2114.0002120971676,83113,84079,0.9885108053140499,81485.46211947814,2026-02-03 03:44:18
2116.000212478638,83251,83658,0.9951349542183653,81485.46211947814,2026-02-03 03:44:18
2118.0002128601072,83452,83436,1.0001917637470636,81485.46211947814,2026-02-03 03:44:18
2120.000213241577,83247,83358,0.99866839415533,81485.46211947814,2026-02-03 03:44:18
2122.000213623047,83243,83176,1.0008055208233144,81485.46211947814,2026-02-03 03:44:18
2124.0002140045162,82644,82727,0.9989966999891209,81485.46211947814,2026-02-03 03:44:18
2126.0002143859865,82550,83221,0.9919371312529289,81485.46211947814,2026-02-03 03:44:18
2128.000214767456,82924,83292,0.9955818085770543,81485.46211947814,2026-02-03 03:44:18
2130.0002151489257,83243,82849,1.004755639778392,81485.46211947814,2026-02-03 03:44:18
2132.0002155303955,82750,83233,0.9941970132038975,81485.46211947814,2026-02-03 03:44:18
2134.000215911865,82695,83498,0.990383003185705,81485.46211947814,2026-02-03 03:44:18
2136.000216293335,83270,83419,0.9982138361764107,81485.46211947814,2026-02-03 03:44:18
2138.0002166748045,83160,83302,0.9982953590550047,81485.46211947814,2026-02-03 03:44:18
2140.0002170562743,83475,83388,1.0010433155849763,81485.46211947814,2026-02-03 03:44:18
2142.000217437744,82743,83260,0.9937905356713909,81485.46211947814,2026-02-03 03:44:18
2144.0002178192135,82863,83376,0.9938471502590673,81485.46211947814,2026-02-03 03:44:18
2146.000218200684,83113,83660,0.9934616304087975,81485.46211947814,2026-02-03 03:44:18
2148.000218582153,82620,83707,0.9870142282007478,81485.46211947814,2026-02-03 03:44:18
2150.000218963623,83195,83603,0.9951197923519491,81485.46211947814,2026-02-03 03:44:18
2152.000219345093,83009,83275,0.9968057640348243,81485.46211947814,2026-02-03 03:44:18
2154.000219726562,82995,83915,0.9890365250551153,81485.46211947814,2026-02-03 03:44:18
2156.0002201080324,83161,83853,0.991747462821843,81485.46211947814,2026-02-03 03:44:18
2158.0002204895018,83208,83429,0.9973510410049263,81485.46211947814,2026-02-03 03:44:18
2160.0002208709716,83111,83714,0.9927969037436988,81485.46211947814,2026-02-03 03:44:18
2162.0002212524414,83554,83485,1.0008264957776847,81485.46211947814,2026-02-03 03:44:18
2164.0002216339108,83696,82707,1.011957875391442,81485.46211947814,2026-02-03 03:44:18
2166.000222015381,82782,83006,0.9973013998988025,81485.46211947814,2026-02-03 03:44:18
2168.0002223968504,83308,83282,1.0003121923104632,81485.46211947814,2026-02-03 03:44:18
2170.00022277832,82602,83393,0.990514791409351,81485.46211947814,2026-02-03 03:44:18
2172.00022315979,83049,82840,1.0025229357798164,81485.46211947814,2026-02-03 03:44:18
2174.0002235412594,83241,83722,0.9942547956331669,81485.46211947814,2026-02-03 03:44:18
2176.0002239227297,83039,83404,0.9956237110929932,81485.46211947814,2026-02-03 03:44:18
2178.000224304199,82751,83332,0.9930278884462151,81485.46211947814,2026-02-03 03:44:18
2180.000224685669,83122,83516,0.9952823411082906,81485.46211947814,2026-02-03 03:44:18
2182.0002250671387,83149,83318,0.9979716267793274,81485.46211947814,2026-02-03 03:44:18
2184.000225448608,83030,83106,0.9990855052583447,81485.46211947814,2026-02-03 03:44:18
2186.0002258300783,82948,83032,0.9989883418441083,81485.46211947814,2026-02-03 03:44:18
2188.0002262115477,83120,83143,0.999723368172907,81485.46211947814,2026-02-03 03:44:18
2190.0002265930175,83171,83432,0.9968717039025794,81485.46211947814,2026-02-03 03:44:18
2192.0002269744873,83087,82962,1.0015067139172151,81485.46211947814,2026-02-03 03:44:18
2194.0002273559567,82957,83678,0.9913836372762256,81485.46211947814,2026-02-03 03:44:18
2196.000227737427,82878,82849,1.0003500343999323,81485.46211947814,2026-02-03 03:44:18
2198.0002281188963,82306,83530,0.9853465820663235,81485.46211947814,2026-02-03 03:44:18
2200.000228500366,83359,83249,1.0013213371932395,81485.46211947814,2026-02-03 03:44:18
2202.000228881836,83270,83661,0.9953263766868672,81485.46211947814,2026-02-03 03:44:18
2204.0002292633053,83054,83677,0.9925547043990582,81485.46211947814,2026-02-03 03:44:18
2206.0002296447756,82705,83510,0.990360435875943,81485.46211947814,2026-02-03 03:44:18
2208.000230026245,82773,83055,0.9966046595629402,81485.46211947814,2026-02-03 03:44:18
2210.0002304077148,82828,83014,0.9977594140747343,81485.46211947814,2026-02-03 03:44:18
2212.0002307891846,82931,83438,0.9939236319183106,81485.46211947814,2026-02-03 03:44:18
2214.000231170654,82838,83375,0.993559220389805,81485.46211947814,2026-02-03 03:44:18
2216.000231552124,83172,83289,0.9985952526744228,81485.46211947814,2026-02-03 03:44:18
2218.0002319335936,83273,83798,0.9937349340079715,81485.46211947814,2026-02-03 03:44:18
2220.0002323150634,82879,83097,0.9973765599239444,81485.46211947814,2026-02-03 03:44:18
2222.000232696533,83301,83212,1.001069557275393,81485.46211947814,2026-02-03 03:44:18
2224.0002330780026,82863,83295,0.9948136142625608,81485.46211947814,2026-02-03 03:44:18
2226.000233459473,83381,83519,0.9983476813659168,81485.46211947814,2026-02-03 03:44:18
2228.000233840942,82681,83323,0.9922950445855286,81485.46211947814,2026-02-03 03:44:18
2230.000234222412,83055,82871,1.002220318326073,81485.46211947814,2026-02-03 03:44:18
2232.000234603882,82846,83773,0.9889343821995153,81485.46211947814,2026-02-03 03:44:18
2234.000234985351,83120,83363,0.9970850377265693,81485.46211947814,2026-02-03 03:44:18
2236.0002353668215,82968,83878,0.9891509096544981,81485.46211947814,2026-02-03 03:44:18
2238.000235748291,83203,83411,0.9975063241059333,81485.46211947814,2026-02-03 03:44:18
2240.0002361297607,83098,83387,0.9965342319546212,81485.46211947814,2026-02-03 03:44:18
2242.0002365112305,83021,83520,0.9940253831417625,81485.46211947814,2026-02-03 03:44:18
2244.0002368927,83067,83389,0.9961385794289415,81485.46211947814,2026-02-03 03:44:18
2246.00023727417,83278,83403,0.9985012529525317,81485.46211947814,2026-02-03 03:44:18
2248.0002376556395,83440,83259,1.0021739391537252,81485.46211947814,2026-02-03 03:44:18
2250.0002380371093,83392,83155,1.0028500992123144,81485.46211947814,2026-02-03 03:44:18
2252.000238418579,83054,83362,0.9963052709867806,81485.46211947814,2026-02-03 03:44:18
2254.0002388000485,82940,83913,0.9884046572044856,81485.46211947814,2026-02-03 03:44:18
2256.0002391815187,83392,83728,0.9959870055417542,81485.46211947814,2026-02-03 03:44:18
2258.000239562988,82582,82780,0.9976081179028751,81485.46211947814,2026-02-03 03:44:18
2260.000239944458,82680,83500,0.9901796407185629,81485.46211947814,2026-02-03 03:44:18
2262.0002403259277,82876,83573,0.9916599858806073,81485.46211947814,2026-02-03 03:44:18
2264.000240707397,83080,83569,0.9941485479065204,81485.46211947814,2026-02-03 03:44:18
2266.0002410888674,82991,83933,0.9887767624176427,81485.46211947814,2026-02-03 03:44:18
2268.0002414703367,82895,83586,0.9917330653458714,81485.46211947814,2026-02-03 03:44:18
2270.0002418518065,83245,83301,0.9993277391627952,81485.46211947814,2026-02-03 03:44:18
2272.0002422332764,83129,83467,0.9959504954053698,81485.46211947814,2026-02-03 03:44:18
2274.0002426147457,83385,83439,0.9993528206234494,81485.46211947814,2026-02-03 03:44:18
2276.000242996216,82985,83285,0.9963979107882572,81485.46211947814,2026-02-03 03:44:18
2278.0002433776854,82483,83341,0.9897049471448627,81485.46211947814,2026-02-03 03:44:18
2280.000243759155,82904,83309,0.995138580465496,81485.46211947814,2026-02-03 03:44:18
2282.000244140625,83373,82881,1.0059362218119956,81485.46211947814,2026-02-03 03:44:18
2284.0002445220944,83266,83149,1.001407112532923,81485.46211947814,2026-02-03 03:44:18
2286.0002449035646,83355,83267,1.0010568412456315,81485.46211947814,2026-02-03 03:44:18
2288.000245285034,83062,83221,0.9980894245442857,81485.46211947814,2026-02-03 03:44:18
2290.000245666504,83116,83275,0.9980906634644251,81485.46211947814,2026-02-03 03:44:18
2292.0002460479736,82373,83382,0.9878990669449041,81485.46211947814,2026-02-03 03:44:18
2294.000246429443,82990,83337,0.9958361832079389,81485.46211947814,2026-02-03 03:44:18
2296.0002468109133,82653,83027,0.9954954412420056,81485.46211947814,2026-02-03 03:44:18
2298.0002471923826,82509,82900,0.9952834740651387,81485.46211947814,2026-02-03 03:44:18
2300.0002475738524,83054,84042,0.9882439732514695,81485.46211947814,2026-02-03 03:44:18
2302.0002479553223,82145,83685,0.9815976578837307,81485.46211947814,2026-02-03 03:44:18
2304.0002483367916,81911,83644,0.9792812395389986,81485.46211947814,2026-02-03 03:44:18
2306.000248718262,81872,82610,0.9910664568454183,81485.46211947814,2026-02-03 03:44:18
2308.0002490997313,82192,82653,0.9944224650042951,81485.46211947814,2026-02-03 03:44:18
2310.000249481201,82576,83407,0.9900368074622035,81485.46211947814,2026-02-03 03:44:18
2312.000249862671,82671,82832,0.998056306741356,81485.46211947814,2026-02-03 03:44:18
2314.0002502441403,83027,83504,0.9942876987928722,81485.46211947814,2026-02-03 03:44:18
2316.0002506256105,82950,82688,1.0031685371517027,81485.46211947814,2026-02-03 03:44:18
2318.00025100708,82905,83210,0.9963345751712535,81485.46211947814,2026-02-03 03:44:18
2320.0002513885497,82792,83563,0.9907734284312435,81485.46211947814,2026-02-03 03:44:18
2322.0002517700195,82869,83175,0.9963210099188458,81485.46211947814,2026-02-03 03:44:18
2324.000252151489,83110,83464,0.9957586504361162,81485.46211947814,2026-02-03 03:44:18
2326.000252532959,82933,83592,0.9921164704756436,81485.46211947814,2026-02-03 03:44:18
2328.0002529144285,82945,83234,0.996527861210563,81485.46211947814,2026-02-03 03:44:18
2330.0002532958983,82769,83361,0.9928983577452286,81485.46211947814,2026-02-03 03:44:18
2332.000253677368,82545,83632,0.9870025827434474,81485.46211947814,2026-02-03 03:44:18
2334.0002540588375,82868,83330,0.9944557782311293,81485.46211947814,2026-02-03 03:44:18
2336.000254440308,82415,83226,0.9902554490183356,81485.46211947814,2026-02-03 03:44:18
2338.000254821777,83176,83138,1.0004570713753038,81485.46211947814,2026-02-03 03:44:18
2340.000255203247,83042,83317,0.9966993530732023,81485.46211947814,2026-02-03 03:44:18
2342.000255584717,83320,83568,0.9970323568830174,81485.46211947814,2026-02-03 03:44:18
2344.000255966186,82181,82763,0.9929678721167672,81485.46211947814,2026-02-03 03:44:18
2346.0002563476564,83516,83921,0.9951740327212497,81485.46211947814,2026-02-03 03:44:18
2348.000256729126,82524,83552,0.9876962849482956,81485.46211947814,2026-02-03 03:44:18
2350.0002571105956,83164,82993,1.0020604147337728,81485.46211947814,2026-02-03 03:44:18
2352.0002574920654,83469,83840,0.9955749045801526,81485.46211947814,2026-02-03 03:44:18
2354.000257873535,83986,83416,1.0068332214443272,81485.46211947814,2026-02-03 03:44:18
2356.000258255005,83249,83503,0.9969581931188101,81485.46211947814,2026-02-03 03:44:18
2358.0002586364744,82987,83373,0.9953702037829993,81485.46211947814,2026-02-03 03:44:18
2360.0002590179442,82748,83519,0.9907685676313174,81485.46211947814,2026-02-03 03:44:18
2362.000259399414,83117,83794,0.9919206625772728,81485.46211947814,2026-02-03 03:44:18
2364.0002597808834,83097,83186,0.9989301084317073,81485.46211947814,2026-02-03 03:44:18
2366.0002601623537,82965,83079,0.9986278120824758,81485.46211947814,2026-02-03 03:44:18
2368.000260543823,83119,83267,0.9982225851778015,81485.46211947814,2026-02-03 03:44:18
2370.000260925293,83086,83405,0.9961752892512439,81485.46211947814,2026-02-03 03:44:18
2372.0002613067627,83409,83673,0.9968448603492166,81485.46211947814,2026-02-03 03:44:18
2374.000261688232,82715,82846,0.9984187528667648,81485.46211947814,2026-02-03 03:44:18
2376.0002620697023,83043,83298,0.9969387020096521,81485.46211947814,2026-02-03 03:44:18
2378.0002624511717,83178,83628,0.9946190271201033,81485.46211947814,2026-02-03 03:44:18
2380.0002628326415,83202,83787,0.9930180099538114,81485.46211947814,2026-02-03 03:44:18
2382.0002632141113,82664,83032,0.9955679737932364,81485.46211947814,2026-02-03 03:44:18
2384.0002635955807,82643,83078,0.9947639567635235,81485.46211947814,2026-02-03 03:44:18
2386.000263977051,83023,83622,0.9928368132788022,81485.46211947814,2026-02-03 03:44:18
2388.0002643585203,83127,82812,1.0038037965512245,81485.46211947814,2026-02-03 03:44:18
2390.00026473999,82412,83330,0.9889835593423737,81485.46211947814,2026-02-03 03:44:18
2392.00026512146,83252,82694,1.0067477688828694,81485.46211947814,2026-02-03 03:44:18
2394.0002655029293,82828,83753,0.9889556195001971,81485.46211947814,2026-02-03 03:44:18
2396.0002658843996,83242,83390,0.9982252068593357,81485.46211947814,2026-02-03 03:44:18
2398.000266265869,82832,83637,0.9903750732331384,81485.46211947814,2026-02-03 03:44:18
2400.000266647339,82665,82772,0.9987072923210748,81485.46211947814,2026-02-03 03:44:18
2402.0002670288086,82980,83173,0.99767953542616,81485.46211947814,2026-02-03 03:44:18
2404.000267410278,82457,83142,0.9917610834475957,81485.46211947814,2026-02-03 03:44:18
2406.0002677917482,83120,83045,1.000903124811849,81485.46211947814,2026-02-03 03:44:18
2408.0002681732176,83029,82802,1.002741479674404,81485.46211947814,2026-02-03 03:44:18
2410.0002685546874,83108,83263,0.9981384288339359,81485.46211947814,2026-02-03 03:44:18
2412.000268936157,83042,83319,0.9966754281736458,81485.46211947814,2026-02-03 03:44:18
2414.0002693176266,82903,83439,0.9935761454475724,81485.46211947814,2026-02-03 03:44:18
2416.000269699097,82810,83474,0.9920454273186861,81485.46211947814,2026-02-03 03:44:18
2418.000270080566,82969,83145,0.9978832160683144,81485.46211947814,2026-02-03 03:44:18
2420.000270462036,83030,82898,1.0015923182706459,81485.46211947814,2026-02-03 03:44:18
2422.000270843506,82872,82682,1.002297960862098,81485.46211947814,2026-02-03 03:44:18
2424.000271224975,83023,83251,0.9972612941586287,81485.46211947814,2026-02-03 03:44:18
2426.0002716064455,83102,83939,0.9900284730578158,81485.46211947814,2026-02-03 03:44:18
2428.000271987915,82574,83377,0.9903690466195714,81485.46211947814,2026-02-03 03:44:18
2430.0002723693847,83246,83104,1.001708702348864,81485.46211947814,2026-02-03 03:44:18
2432.0002727508545,82994,83540,0.9934642087622696,81485.46211947814,2026-02-03 03:44:18
2434.000273132324,82931,83793,0.9897127445013306,81485.46211947814,2026-02-03 03:44:18
2436.000273513794,83050,82816,1.002825540958269,81485.46211947814,2026-02-03 03:44:18
2438.0002738952635,82952,83340,0.995344372450204,81485.46211947814,2026-02-03 03:44:18
2440.0002742767333,83284,83753,0.9944002005898296,81485.46211947814,2026-02-03 03:44:18
2442.000274658203,83099,83708,0.9927247097051656,81485.46211947814,2026-02-03 03:44:18
2444.0002750396725,82432,82394,1.0004611986309684,81485.46211947814,2026-02-03 03:44:18
2446.0002754211428,83141,83501,0.995688674387133,81485.46211947814,2026-02-03 03:44:18
2448.000275802612,82841,83731,0.9893707229102722,81485.46211947814,2026-02-03 03:44:18
2450.000276184082,83020,83605,0.9930028108366724,81485.46211947814,2026-02-03 03:44:18
2452.0002765655518,82891,84009,0.9866919020581129,81485.46211947814,2026-02-03 03:44:18
2454.000276947021,83000,83374,0.9955141890757311,81485.46211947814,2026-02-03 03:44:18
2456.0002773284914,82942,83441,0.9940197265133448,81485.46211947814,2026-02-03 03:44:18
2458.0002777099608,83127,83636,0.9939141039743651,81485.46211947814,2026-02-03 03:44:18
2460.0002780914306,83315,83104,1.0025389872930304,81485.46211947814,2026-02-03 03:44:18
2462.0002784729004,83228,82800,1.0051690821256039,81485.46211947814,2026-02-03 03:44:18
2464.0002788543698,82465,83379,0.9890380071720697,81485.46211947814,2026-02-03 03:44:18
2466.00027923584,83267,83474,0.9975201859261567,81485.46211947814,2026-02-03 03:44:18
2468.0002796173094,83596,83338,1.0030958266337084,81485.46211947814,2026-02-03 03:44:18
2470.000279998779,83148,83704,0.9933575456370066,81485.46211947814,2026-02-03 03:44:18
2472.000280380249,83200,83324,0.9985118333253324,81485.46211947814,2026-02-03 03:44:18
2474.0002807617184,83806,83231,1.0069084836178828,81485.46211947814,2026-02-03 03:44:18
2476.0002811431887,83006,83114,0.9987005799263662,81485.46211947814,2026-02-03 03:44:18
2478.000281524658,83124,83628,0.9939733103745158,81485.46211947814,2026-02-03 03:44:18
2480.000281906128,83418,83508,0.9989222589452508,81485.46211947814,2026-02-03 03:44:18
2482.0002822875977,82618,83274,0.9921223911424935,81485.46211947814,2026-02-03 03:44:18
2484.000282669067,83292,83894,0.9928242782558944,81485.46211947814,2026-02-03 03:44:18
2486.0002830505373,83194,83158,1.0004329108444165,81485.46211947814,2026-02-03 03:44:18
2488.0002834320067,82547,83553,0.9879597381302886,81485.46211947814,2026-02-03 03:44:18
2490.0002838134765,83590,83521,1.0008261395337699,81485.46211947814,2026-02-03 03:44:18
2492.0002841949463,82563,83480,0.9890153330138955,81485.46211947814,2026-02-03 03:44:18
2494.0002845764157,82762,83681,0.9890178176647029,81485.46211947814,2026-02-03 03:44:18
2496.000284957886,83180,83504,0.9961199463498754,81485.46211947814,2026-02-03 03:44:18
2498.0002853393553,83307,83395,0.998944780862162,81485.46211947814,2026-02-03 03:44:18
2500.000285720825,82690,83397,0.9915224768277037,81485.46211947814,2026-02-03 03:44:18
